geo_id,geography_name,borough,total_renter_households,rent_burdened_households,severely_rent_burdened_households,rent_burden_rate,severe_rent_burden_rate
1400000US36005011000,Census Tract 110; Bronx County; New York,Bronx,0,0,0,,
1400000US36005001903,Census Tract 19.03; Bronx County; New York,Bronx,0,0,0,,
1400000US36005050400,Census Tract 504; Bronx County; New York,Bronx,0,0,0,,
1400000US36005051602,Census Tract 516.02; Bronx County; New York,Bronx,0,0,0,,
1400000US36005043503,Census Tract 435.03; Bronx County; New York,Bronx,0,0,0,,
1400000US36005011702,Census Tract 117.02; Bronx County; New York,Bronx,0,0,0,,
1400000US36005017100,Census Tract 171; Bronx County; New York,Bronx,0,0,0,,
1400000US36005001904,Census Tract 19.04; Bronx County; New York,Bronx,0,0,0,,
1400000US36005048402,Census Tract 484.02; Bronx County; New York,Bronx,0,0,0,,
1400000US36005043502,Census Tract 435.02; Bronx County; New York,Bronx,0,0,0,,
1400000US36005016300,Census Tract 163; Bronx County; New York,Bronx,0,0,0,,
1400000US36005009302,Census Tract 93.02; Bronx County; New York,Bronx,0,0,0,,
1400000US36005000100,Census Tract 1; Bronx County; New York,Bronx,0,0,0,,
1400000US36005024900,Census Tract 249; Bronx County; New York,Bronx,0,0,0,,
1400000US36005002400,Census Tract 24; Bronx County; New York,Bronx,0,0,0,,
1400000US36005006302,Census Tract 63.02; Bronx County; New York,Bronx,0,0,0,,
1400000US36005028400,Census Tract 284; Bronx County; New York,Bronx,0,0,0,,
1400000US36005033400,Census Tract 334; Bronx County; New York,Bronx,8,8,0,100.0,0.0
1400000US36005045600,Census Tract 456; Bronx County; New York,Bronx,401,127,0,31.7,0.0
1400000US36005027600,Census Tract 276; Bronx County; New York,Bronx,11,3,0,27.3,0.0
1400000US36005045102,Census Tract 451.02; Bronx County; New York,Bronx,358,158,15,44.1,4.2
1400000US36005031400,Census Tract 314; Bronx County; New York,Bronx,207,71,12,34.3,5.8
1400000US36005003700,Census Tract 37; Bronx County; New York,Bronx,149,17,9,11.4,6.0
1400000US36005045101,Census Tract 451.01; Bronx County; New York,Bronx,838,175,56,20.9,6.7
1400000US36005030100,Census Tract 301; Bronx County; New York,Bronx,426,129,32,30.3,7.5
1400000US36005029500,Census Tract 295; Bronx County; New York,Bronx,724,305,57,42.1,7.9
1400000US36005033500,Census Tract 335; Bronx County; New York,Bronx,420,114,35,27.1,8.3
1400000US36005046203,Census Tract 462.03; Bronx County; New York,Bronx,1632,633,142,38.8,8.7
1400000US36005031000,Census Tract 310; Bronx County; New York,Bronx,359,76,36,21.2,10.0
1400000US36005035100,Census Tract 351; Bronx County; New York,Bronx,684,204,70,29.8,10.2
1400000US36005030701,Census Tract 307.01; Bronx County; New York,Bronx,985,333,101,33.8,10.3
1400000US36005032300,Census Tract 323; Bronx County; New York,Bronx,805,298,85,37.0,10.6
1400000US36005004001,Census Tract 40.01; Bronx County; New York,Bronx,192,86,21,44.8,10.9
1400000US36005031800,Census Tract 318; Bronx County; New York,Bronx,177,78,24,44.1,13.6
1400000US36005016200,Census Tract 162; Bronx County; New York,Bronx,217,111,30,51.2,13.8
1400000US36005046206,Census Tract 462.06; Bronx County; New York,Bronx,1242,712,174,57.3,14.0
1400000US36005016700,Census Tract 167; Bronx County; New York,Bronx,1113,658,162,59.1,14.6
1400000US36005028700,Census Tract 287; Bronx County; New York,Bronx,760,442,112,58.2,14.7
1400000US36005044800,Census Tract 448; Bronx County; New York,Bronx,222,109,33,49.1,14.9
1400000US36005020601,Census Tract 206.01; Bronx County; New York,Bronx,655,342,103,52.2,15.7
1400000US36005029301,Census Tract 293.01; Bronx County; New York,Bronx,133,45,21,33.8,15.8
1400000US36005037000,Census Tract 370; Bronx County; New York,Bronx,346,92,55,26.6,15.9
1400000US36005032400,Census Tract 324; Bronx County; New York,Bronx,1184,594,190,50.2,16.0
1400000US36005000400,Census Tract 4; Bronx County; New York,Bronx,882,446,144,50.6,16.3
1400000US36005046204,Census Tract 462.04; Bronx County; New York,Bronx,1422,564,238,39.7,16.7
1400000US36005033602,Census Tract 336.02; Bronx County; New York,Bronx,312,132,53,42.3,17.0
1400000US36005034500,Census Tract 345; Bronx County; New York,Bronx,761,343,129,45.1,17.0
1400000US36005029302,Census Tract 293.02; Bronx County; New York,Bronx,883,344,151,39.0,17.1
1400000US36005019300,Census Tract 193; Bronx County; New York,Bronx,2461,1048,423,42.6,17.2
1400000US36005034800,Census Tract 348; Bronx County; New York,Bronx,1248,368,217,29.5,17.4
1400000US36005014702,Census Tract 147.02; Bronx County; New York,Bronx,1894,564,329,29.8,17.4
1400000US36005002800,Census Tract 28; Bronx County; New York,Bronx,2329,903,411,38.8,17.6
1400000US36005042600,Census Tract 426; Bronx County; New York,Bronx,723,317,128,43.8,17.7
1400000US36005030201,Census Tract 302.01; Bronx County; New York,Bronx,927,287,164,31.0,17.7
1400000US36005000200,Census Tract 2; Bronx County; New York,Bronx,566,134,101,23.7,17.8
1400000US36005012500,Census Tract 125; Bronx County; New York,Bronx,1154,538,205,46.6,17.8
1400000US36005030202,Census Tract 302.02; Bronx County; New York,Bronx,1678,968,310,57.7,18.5
1400000US36005025600,Census Tract 256; Bronx County; New York,Bronx,451,258,84,57.2,18.6
1400000US36005035800,Census Tract 358; Bronx County; New York,Bronx,723,278,138,38.5,19.1
1400000US36005029600,Census Tract 296; Bronx County; New York,Bronx,975,423,186,43.4,19.1
1400000US36005034200,Census Tract 342; Bronx County; New York,Bronx,380,287,73,75.5,19.2
1400000US36005008400,Census Tract 84; Bronx County; New York,Bronx,314,153,61,48.7,19.4
1400000US36005046208,Census Tract 462.08; Bronx County; New York,Bronx,666,421,130,63.2,19.5
1400000US36005002001,Census Tract 20.01; Bronx County; New York,Bronx,1729,886,338,51.2,19.5
1400000US36005025200,Census Tract 252; Bronx County; New York,Bronx,656,369,129,56.3,19.7
1400000US36005044902,Census Tract 449.02; Bronx County; New York,Bronx,673,278,133,41.3,19.8
1400000US36005042200,Census Tract 422; Bronx County; New York,Bronx,667,334,132,50.1,19.8
1400000US36005002002,Census Tract 20.02; Bronx County; New York,Bronx,1406,798,278,56.8,19.8
1400000US36005023302,Census Tract 233.02; Bronx County; New York,Bronx,1013,344,202,34.0,19.9
1400000US36005006100,Census Tract 61; Bronx County; New York,Bronx,1053,356,216,33.8,20.5
1400000US36005028100,Census Tract 281; Bronx County; New York,Bronx,918,428,191,46.6,20.8
1400000US36005034300,Census Tract 343; Bronx County; New York,Bronx,311,171,65,55.0,20.9
1400000US36005040900,Census Tract 409; Bronx County; New York,Bronx,935,421,197,45.0,21.1
1400000US36005046207,Census Tract 462.07; Bronx County; New York,Bronx,1469,563,313,38.3,21.3
1400000US36005017701,Census Tract 177.01; Bronx County; New York,Bronx,1428,662,306,46.4,21.4
1400000US36005005100,Census Tract 51; Bronx County; New York,Bronx,2740,1633,605,59.6,22.1
1400000US36005011900,Census Tract 119; Bronx County; New York,Bronx,1783,932,397,52.3,22.3
1400000US36005004200,Census Tract 42; Bronx County; New York,Bronx,2487,1157,559,46.5,22.5
1400000US36005022800,Census Tract 228; Bronx County; New York,Bronx,2071,873,469,42.2,22.6
1400000US36005045800,Census Tract 458; Bronx County; New York,Bronx,2071,982,471,47.4,22.7
1400000US36005033700,Census Tract 337; Bronx County; New York,Bronx,291,183,66,62.9,22.7
1400000US36005022300,Census Tract 223; Bronx County; New York,Bronx,2103,1303,477,62.0,22.7
1400000US36005019400,Census Tract 194; Bronx County; New York,Bronx,338,152,77,45.0,22.8
1400000US36005026100,Census Tract 261; Bronx County; New York,Bronx,131,77,30,58.8,22.9
1400000US36005003500,Census Tract 35; Bronx County; New York,Bronx,1390,709,323,51.0,23.2
1400000US36005014400,Census Tract 144; Bronx County; New York,Bronx,2045,978,475,47.8,23.2
1400000US36005009301,Census Tract 93.01; Bronx County; New York,Bronx,1630,726,378,44.5,23.2
1400000US36005015500,Census Tract 155; Bronx County; New York,Bronx,1014,504,236,49.7,23.3
1400000US36005004400,Census Tract 44; Bronx County; New York,Bronx,1479,759,347,51.3,23.5
1400000US36005007200,Census Tract 72; Bronx County; New York,Bronx,1087,546,257,50.2,23.6
1400000US36005008600,Census Tract 86; Bronx County; New York,Bronx,1398,781,331,55.9,23.7
1400000US36005032800,Census Tract 328; Bronx County; New York,Bronx,1233,627,294,50.9,23.8
1400000US36005041400,Census Tract 414; Bronx County; New York,Bronx,751,442,179,58.9,23.8
1400000US36005046205,Census Tract 462.05; Bronx County; New York,Bronx,1113,487,266,43.8,23.9
1400000US36005016500,Census Tract 165; Bronx County; New York,Bronx,376,140,90,37.2,23.9
1400000US36005036100,Census Tract 361; Bronx County; New York,Bronx,1900,903,456,47.5,24.0
1400000US36005039200,Census Tract 392; Bronx County; New York,Bronx,443,206,107,46.5,24.2
1400000US36005037400,Census Tract 374; Bronx County; New York,Bronx,1280,599,311,46.8,24.3
1400000US36005022101,Census Tract 221.01; Bronx County; New York,Bronx,1339,653,325,48.8,24.3
1400000US36005037300,Census Tract 373; Bronx County; New York,Bronx,2215,1213,541,54.8,24.4
1400000US36005022500,Census Tract 225; Bronx County; New York,Bronx,2126,869,519,40.9,24.4
1400000US36005037600,Census Tract 376; Bronx County; New York,Bronx,504,268,123,53.2,24.4
1400000US36005009000,Census Tract 90; Bronx County; New York,Bronx,1082,661,264,61.1,24.4
1400000US36005034000,Census Tract 340; Bronx County; New York,Bronx,1367,711,338,52.0,24.7
1400000US36005046209,Census Tract 462.09; Bronx County; New York,Bronx,1207,774,300,64.1,24.9
1400000US36005044901,Census Tract 449.01; Bronx County; New York,Bronx,476,150,120,31.5,25.2
1400000US36005024700,Census Tract 247; Bronx County; New York,Bronx,724,373,183,51.5,25.3
1400000US36005014701,Census Tract 147.01; Bronx County; New York,Bronx,1989,980,507,49.3,25.5
1400000US36005002300,Census Tract 23; Bronx County; New York,Bronx,1904,957,487,50.3,25.6
1400000US36005037200,Census Tract 372; Bronx County; New York,Bronx,552,280,142,50.7,25.7
1400000US36005026500,Census Tract 265; Bronx County; New York,Bronx,2096,1178,540,56.2,25.8
1400000US36005041800,Census Tract 418; Bronx County; New York,Bronx,1095,594,283,54.2,25.8
1400000US36005023502,Census Tract 235.02; Bronx County; New York,Bronx,1627,726,420,44.6,25.8
1400000US36005039600,Census Tract 396; Bronx County; New York,Bronx,1103,622,286,56.4,25.9
1400000US36005026602,Census Tract 266.02; Bronx County; New York,Bronx,2072,1057,539,51.0,26.0
1400000US36005039100,Census Tract 391; Bronx County; New York,Bronx,2878,1731,754,60.1,26.2
1400000US36005028500,Census Tract 285; Bronx County; New York,Bronx,1351,630,354,46.6,26.2
1400000US36005015700,Census Tract 157; Bronx County; New York,Bronx,2121,1288,562,60.7,26.5
1400000US36005024502,Census Tract 245.02; Bronx County; New York,Bronx,1099,579,295,52.7,26.8
1400000US36005008300,Census Tract 83; Bronx County; New York,Bronx,1975,863,532,43.7,26.9
1400000US36005025000,Census Tract 250; Bronx County; New York,Bronx,427,286,115,67.0,26.9
1400000US36005031200,Census Tract 312; Bronx County; New York,Bronx,244,119,66,48.8,27.0
1400000US36005005200,Census Tract 52; Bronx County; New York,Bronx,692,301,188,43.5,27.2
1400000US36005037800,Census Tract 378; Bronx County; New York,Bronx,969,452,265,46.6,27.3
1400000US36005018900,Census Tract 189; Bronx County; New York,Bronx,2769,1628,760,58.8,27.4
1400000US36005007700,Census Tract 77; Bronx County; New York,Bronx,481,265,132,55.1,27.4
1400000US36005027900,Census Tract 279; Bronx County; New York,Bronx,2382,1298,654,54.5,27.5
1400000US36005005400,Census Tract 54; Bronx County; New York,Bronx,1566,861,430,55.0,27.5
1400000US36005024800,Census Tract 248; Bronx County; New York,Bronx,917,657,253,71.6,27.6
1400000US36005037900,Census Tract 379; Bronx County; New York,Bronx,2055,1298,570,63.2,27.7
1400000US36005009800,Census Tract 98; Bronx County; New York,Bronx,791,284,219,35.9,27.7
1400000US36005025500,Census Tract 255; Bronx County; New York,Bronx,2303,1363,644,59.2,28.0
1400000US36005051601,Census Tract 516.01; Bronx County; New York,Bronx,500,242,140,48.4,28.0
1400000US36005033801,Census Tract 338.01; Bronx County; New York,Bronx,761,319,214,41.9,28.1
1400000US36005038304,Census Tract 383.04; Bronx County; New York,Bronx,844,506,239,60.0,28.3
1400000US36005006700,Census Tract 67; Bronx County; New York,Bronx,2593,1725,735,66.5,28.3
1400000US36005035000,Census Tract 350; Bronx County; New York,Bronx,492,430,140,87.4,28.5
1400000US36005007000,Census Tract 70; Bronx County; New York,Bronx,1045,605,298,57.9,28.5
1400000US36005027402,Census Tract 274.02; Bronx County; New York,Bronx,402,168,115,41.8,28.6
1400000US36005020900,Census Tract 209; Bronx County; New York,Bronx,1882,1055,538,56.1,28.6
1400000US36005028800,Census Tract 288; Bronx County; New York,Bronx,512,293,147,57.2,28.7
1400000US36005016600,Census Tract 166; Bronx County; New York,Bronx,404,179,116,44.3,28.7
1400000US36005007900,Census Tract 79; Bronx County; New York,Bronx,2190,1163,632,53.1,28.9
1400000US36005021100,Census Tract 211; Bronx County; New York,Bronx,1859,914,537,49.2,28.9
1400000US36005024501,Census Tract 245.01; Bronx County; New York,Bronx,1478,768,432,52.0,29.2
1400000US36005022403,Census Tract 224.03; Bronx County; New York,Bronx,950,516,277,54.3,29.2
1400000US36005025700,Census Tract 257; Bronx County; New York,Bronx,607,341,177,56.2,29.2
1400000US36005008500,Census Tract 85; Bronx County; New York,Bronx,1803,848,527,47.0,29.2
1400000US36005024400,Census Tract 244; Bronx County; New York,Bronx,564,277,165,49.1,29.3
1400000US36005021502,Census Tract 215.02; Bronx County; New York,Bronx,2245,905,659,40.3,29.4
1400000US36005003800,Census Tract 38; Bronx County; New York,Bronx,190,132,56,69.5,29.5
1400000US36005033000,Census Tract 330; Bronx County; New York,Bronx,1884,1039,557,55.1,29.6
1400000US36005003300,Census Tract 33; Bronx County; New York,Bronx,984,516,292,52.4,29.7
1400000US36005042300,Census Tract 423; Bronx County; New York,Bronx,1446,653,429,45.2,29.7
1400000US36005023900,Census Tract 239; Bronx County; New York,Bronx,2555,1515,761,59.3,29.8
1400000US36005006200,Census Tract 62; Bronx County; New York,Bronx,2513,1298,748,51.7,29.8
1400000US36005013300,Census Tract 133; Bronx County; New York,Bronx,2155,1089,648,50.5,30.1
1400000US36005013800,Census Tract 138; Bronx County; New York,Bronx,332,148,100,44.6,30.1
1400000US36005041100,Census Tract 411; Bronx County; New York,Bronx,1400,867,421,61.9,30.1
1400000US36005025400,Census Tract 254; Bronx County; New York,Bronx,496,252,150,50.8,30.2
1400000US36005027300,Census Tract 273; Bronx County; New York,Bronx,2748,1674,830,60.9,30.2
1400000US36005040800,Census Tract 408; Bronx County; New York,Bronx,1262,880,384,69.7,30.4
1400000US36005021602,Census Tract 216.02; Bronx County; New York,Bronx,1846,1150,562,62.3,30.4
1400000US36005026702,Census Tract 267.02; Bronx County; New York,Bronx,2097,976,641,46.5,30.6
1400000US36005021001,Census Tract 210.01; Bronx County; New York,Bronx,2550,1437,785,56.4,30.8
1400000US36005020200,Census Tract 202; Bronx County; New York,Bronx,799,459,247,57.4,30.9
1400000US36005030000,Census Tract 300; Bronx County; New York,Bronx,1736,1040,536,59.9,30.9
1400000US36005018501,Census Tract 185.01; Bronx County; New York,Bronx,1451,569,448,39.2,30.9
1400000US36005042100,Census Tract 421; Bronx County; New York,Bronx,2124,1110,658,52.3,31.0
1400000US36005012701,Census Tract 127.01; Bronx County; New York,Bronx,571,339,179,59.4,31.3
1400000US36005036902,Census Tract 369.02; Bronx County; New York,Bronx,821,395,257,48.1,31.3
1400000US36005046000,Census Tract 460; Bronx County; New York,Bronx,777,430,244,55.3,31.4
1400000US36005015300,Census Tract 153; Bronx County; New York,Bronx,1629,949,513,58.3,31.5
1400000US36005023301,Census Tract 233.01; Bronx County; New York,Bronx,1535,1036,483,67.5,31.5
1400000US36005028600,Census Tract 286; Bronx County; New York,Bronx,301,166,95,55.1,31.6
1400000US36005023600,Census Tract 236; Bronx County; New York,Bronx,522,274,165,52.5,31.6
1400000US36005040501,Census Tract 405.01; Bronx County; New York,Bronx,1226,718,390,58.6,31.8
1400000US36005043400,Census Tract 434; Bronx County; New York,Bronx,972,530,310,54.5,31.9
1400000US36005002500,Census Tract 25; Bronx County; New York,Bronx,1828,1106,586,60.5,32.1
1400000US36005017702,Census Tract 177.02; Bronx County; New York,Bronx,1284,695,412,54.1,32.1
1400000US36005023100,Census Tract 231; Bronx County; New York,Bronx,379,190,122,50.1,32.2
1400000US36005017300,Census Tract 173; Bronx County; New York,Bronx,2077,1002,670,48.2,32.3
1400000US36005043600,Census Tract 436; Bronx County; New York,Bronx,324,193,105,59.6,32.4
1400000US36005040400,Census Tract 404; Bronx County; New York,Bronx,488,276,159,56.6,32.6
1400000US36005018301,Census Tract 183.01; Bronx County; New York,Bronx,1447,951,471,65.7,32.6
1400000US36005021200,Census Tract 212; Bronx County; New York,Bronx,1509,808,494,53.5,32.7
1400000US36005001901,Census Tract 19.01; Bronx County; New York,Bronx,1037,618,339,59.6,32.7
1400000US36005036501,Census Tract 365.01; Bronx County; New York,Bronx,1351,719,443,53.2,32.8
1400000US36005037504,Census Tract 375.04; Bronx County; New York,Bronx,1529,775,503,50.7,32.9
1400000US36005039000,Census Tract 390; Bronx County; New York,Bronx,877,440,289,50.2,33.0
1400000US36005036700,Census Tract 367; Bronx County; New York,Bronx,700,365,231,52.1,33.0
1400000US36005006000,Census Tract 60; Bronx County; New York,Bronx,350,200,116,57.1,33.1
1400000US36005024100,Census Tract 241; Bronx County; New York,Bronx,2309,1143,769,49.5,33.3
1400000US36005003900,Census Tract 39; Bronx County; New York,Bronx,2024,1108,674,54.7,33.3
1400000US36005025300,Census Tract 253; Bronx County; New York,Bronx,1835,955,613,52.0,33.4
1400000US36005024600,Census Tract 246; Bronx County; New York,Bronx,481,230,161,47.8,33.5
1400000US36005018502,Census Tract 185.02; Bronx County; New York,Bronx,2040,1196,685,58.6,33.6
1400000US36005001600,Census Tract 16; Bronx County; New York,Bronx,1624,1106,548,68.1,33.7
1400000US36005027700,Census Tract 277; Bronx County; New York,Bronx,1604,734,540,45.8,33.7
1400000US36005026701,Census Tract 267.01; Bronx County; New York,Bronx,1274,695,429,54.6,33.7
1400000US36005039700,Census Tract 397; Bronx County; New York,Bronx,504,243,170,48.2,33.7
1400000US36005043102,Census Tract 431.02; Bronx County; New York,Bronx,1427,872,481,61.1,33.7
1400000US36005041300,Census Tract 413; Bronx County; New York,Bronx,3067,1752,1036,57.1,33.8
1400000US36005038303,Census Tract 383.03; Bronx County; New York,Bronx,1217,818,412,67.2,33.9
1400000US36005044400,Census Tract 444; Bronx County; New York,Bronx,560,262,190,46.8,33.9
1400000US36005012901,Census Tract 129.01; Bronx County; New York,Bronx,1744,924,593,53.0,34.0
1400000US36005020501,Census Tract 205.01; Bronx County; New York,Bronx,2467,1429,841,57.9,34.1
1400000US36005023702,Census Tract 237.02; Bronx County; New York,Bronx,298,151,102,50.7,34.2
1400000US36005042902,Census Tract 429.02; Bronx County; New York,Bronx,1496,905,511,60.5,34.2
1400000US36005038100,Census Tract 381; Bronx County; New York,Bronx,2649,1981,905,74.8,34.2
1400000US36005016900,Census Tract 169; Bronx County; New York,Bronx,543,245,186,45.1,34.3
1400000US36005038000,Census Tract 380; Bronx County; New York,Bronx,1480,721,507,48.7,34.3
1400000US36005011800,Census Tract 118; Bronx County; New York,Bronx,641,426,220,66.5,34.3
1400000US36005035900,Census Tract 359; Bronx County; New York,Bronx,1548,964,534,62.3,34.5
1400000US36005022901,Census Tract 229.01; Bronx County; New York,Bronx,1940,1007,671,51.9,34.6
1400000US36005021002,Census Tract 210.02; Bronx County; New York,Bronx,2515,1139,871,45.3,34.6
1400000US36005018400,Census Tract 184; Bronx County; New York,Bronx,726,344,252,47.4,34.7
1400000US36005036000,Census Tract 360; Bronx County; New York,Bronx,323,219,113,67.8,35.0
1400000US36005039901,Census Tract 399.01; Bronx County; New York,Bronx,1653,1039,581,62.9,35.1
1400000US36005007500,Census Tract 75; Bronx County; New York,Bronx,2079,1160,730,55.8,35.1
1400000US36005027401,Census Tract 274.01; Bronx County; New York,Bronx,509,304,179,59.7,35.2
1400000US36005003100,Census Tract 31; Bronx County; New York,Bronx,988,652,348,66.0,35.2
1400000US36005041900,Census Tract 419; Bronx County; New York,Bronx,2488,1458,875,58.6,35.2
1400000US36005038200,Census Tract 382; Bronx County; New York,Bronx,480,215,169,44.8,35.2
1400000US36005039400,Census Tract 394; Bronx County; New York,Bronx,1532,734,542,47.9,35.4
1400000US36005013500,Census Tract 135; Bronx County; New York,Bronx,1511,848,535,56.1,35.4
1400000US36005018302,Census Tract 183.02; Bronx County; New York,Bronx,1240,808,440,65.2,35.5
1400000US36005020502,Census Tract 205.02; Bronx County; New York,Bronx,913,510,325,55.9,35.6
1400000US36005043101,Census Tract 431.01; Bronx County; New York,Bronx,1833,969,654,52.9,35.7
1400000US36005023800,Census Tract 238; Bronx County; New York,Bronx,560,353,200,63.0,35.7
1400000US36005039500,Census Tract 395; Bronx County; New York,Bronx,1709,893,611,52.3,35.8
1400000US36005013200,Census Tract 132; Bronx County; New York,Bronx,771,425,278,55.1,36.1
1400000US36005020400,Census Tract 204; Bronx County; New York,Bronx,747,484,270,64.8,36.1
1400000US36005001902,Census Tract 19.02; Bronx County; New York,Bronx,573,338,208,59.0,36.3
1400000US36005014100,Census Tract 141; Bronx County; New York,Bronx,2805,1716,1023,61.2,36.5
1400000US36005015200,Census Tract 152; Bronx County; New York,Bronx,449,225,164,50.1,36.5
1400000US36005008900,Census Tract 89; Bronx County; New York,Bronx,1278,861,466,67.4,36.5
1400000US36005007400,Census Tract 74; Bronx County; New York,Bronx,1051,545,386,51.9,36.7
1400000US36005038900,Census Tract 389; Bronx County; New York,Bronx,1938,1022,711,52.7,36.7
1400000US36005015900,Census Tract 159; Bronx County; New York,Bronx,922,553,340,60.0,36.9
1400000US36005042901,Census Tract 429.01; Bronx County; New York,Bronx,1228,703,453,57.2,36.9
1400000US36005007300,Census Tract 73; Bronx County; New York,Bronx,1472,944,544,64.1,37.0
1400000US36005040702,Census Tract 407.02; Bronx County; New York,Bronx,2707,1471,1002,54.3,37.0
1400000US36005033202,Census Tract 332.02; Bronx County; New York,Bronx,1165,646,432,55.5,37.1
1400000US36005022401,Census Tract 224.01; Bronx County; New York,Bronx,766,436,285,56.9,37.2
1400000US36005037100,Census Tract 371; Bronx County; New York,Bronx,1553,848,578,54.6,37.2
1400000US36005026601,Census Tract 266.01; Bronx County; New York,Bronx,1206,695,450,57.6,37.3
1400000US36005005600,Census Tract 56; Bronx County; New York,Bronx,851,505,318,59.3,37.4
1400000US36005042500,Census Tract 425; Bronx County; New York,Bronx,2207,1187,827,53.8,37.5
1400000US36005020000,Census Tract 200; Bronx County; New York,Bronx,1146,717,433,62.6,37.8
1400000US36005013000,Census Tract 130; Bronx County; New York,Bronx,203,89,77,43.8,37.9
1400000US36005033802,Census Tract 338.02; Bronx County; New York,Bronx,455,238,173,52.3,38.0
1400000US36005038301,Census Tract 383.01; Bronx County; New York,Bronx,1535,806,584,52.5,38.0
1400000US36005048401,Census Tract 484.01; Bronx County; New York,Bronx,669,398,254,59.5,38.0
1400000US36005012102,Census Tract 121.02; Bronx County; New York,Bronx,558,349,213,62.5,38.2
1400000US36005038700,Census Tract 387; Bronx County; New York,Bronx,1460,804,557,55.1,38.2
1400000US36005026300,Census Tract 263; Bronx County; New York,Bronx,2248,1491,858,66.3,38.2
1400000US36005007600,Census Tract 76; Bronx County; New York,Bronx,1349,833,517,61.7,38.3
1400000US36005004800,Census Tract 48; Bronx County; New York,Bronx,1455,886,560,60.9,38.5
1400000US36005002701,Census Tract 27.01; Bronx County; New York,Bronx,1168,626,452,53.6,38.7
1400000US36005029700,Census Tract 297; Bronx County; New York,Bronx,807,499,312,61.8,38.7
1400000US36005040302,Census Tract 403.02; Bronx County; New York,Bronx,1573,932,612,59.2,38.9
1400000US36005021900,Census Tract 219; Bronx County; New York,Bronx,489,342,190,69.9,38.9
1400000US36005033601,Census Tract 336.01; Bronx County; New York,Bronx,2057,1317,803,64.0,39.0
1400000US36005004300,Census Tract 43; Bronx County; New York,Bronx,1922,1302,756,67.7,39.3
1400000US36005022404,Census Tract 224.04; Bronx County; New York,Bronx,1368,813,539,59.4,39.4
1400000US36005038800,Census Tract 388; Bronx County; New York,Bronx,416,307,165,73.8,39.7
1400000US36005028900,Census Tract 289; Bronx County; New York,Bronx,1449,1001,576,69.1,39.8
1400000US36005016400,Census Tract 164; Bronx County; New York,Bronx,161,104,64,64.6,39.8
1400000US36005022200,Census Tract 222; Bronx County; New York,Bronx,913,550,365,60.2,40.0
1400000US36005019500,Census Tract 195; Bronx County; New York,Bronx,2684,1780,1081,66.3,40.3
1400000US36005017901,Census Tract 179.01; Bronx County; New York,Bronx,1474,968,599,65.7,40.6
1400000US36005043000,Census Tract 430; Bronx County; New York,Bronx,497,202,202,40.6,40.6
1400000US36005020100,Census Tract 201; Bronx County; New York,Bronx,1406,1100,573,78.2,40.8
1400000US36005040701,Census Tract 407.01; Bronx County; New York,Bronx,1199,823,495,68.6,41.3
1400000US36005022102,Census Tract 221.02; Bronx County; New York,Bronx,1681,898,698,53.4,41.5
1400000US36005030900,Census Tract 309; Bronx County; New York,Bronx,599,364,249,60.8,41.6
1400000US36005021700,Census Tract 217; Bronx County; New York,Bronx,1898,1131,794,59.6,41.8
1400000US36005006500,Census Tract 65; Bronx County; New York,Bronx,2158,1275,904,59.1,41.9
1400000US36005017500,Census Tract 175; Bronx County; New York,Bronx,2975,1788,1250,60.1,42.0
1400000US36005018101,Census Tract 181.01; Bronx County; New York,Bronx,994,592,417,59.6,42.0
1400000US36005023200,Census Tract 232; Bronx County; New York,Bronx,711,479,299,67.4,42.1
1400000US36005015100,Census Tract 151; Bronx County; New York,Bronx,1716,1060,723,61.8,42.1
1400000US36005004600,Census Tract 46; Bronx County; New York,Bronx,516,359,217,69.6,42.1
1400000US36005019900,Census Tract 199; Bronx County; New York,Bronx,3029,1818,1279,60.0,42.2
1400000US36005021302,Census Tract 213.02; Bronx County; New York,Bronx,2297,1423,970,62.0,42.2
1400000US36005039300,Census Tract 393; Bronx County; New York,Bronx,3043,1844,1286,60.6,42.3
1400000US36005025100,Census Tract 251; Bronx County; New York,Bronx,1948,1343,828,68.9,42.5
1400000US36005042400,Census Tract 424; Bronx County; New York,Bronx,400,194,170,48.5,42.5
1400000US36005021800,Census Tract 218; Bronx County; New York,Bronx,1869,1124,797,60.1,42.6
1400000US36005009200,Census Tract 92; Bronx County; New York,Bronx,1378,820,589,59.5,42.7
1400000US36005014300,Census Tract 143; Bronx County; New York,Bronx,743,514,317,69.2,42.7
1400000US36005042000,Census Tract 420; Bronx County; New York,Bronx,1621,1049,694,64.7,42.8
1400000US36005035600,Census Tract 356; Bronx County; New York,Bronx,280,140,120,50.0,42.9
1400000US36005016100,Census Tract 161; Bronx County; New York,Bronx,2197,1300,942,59.2,42.9
1400000US36005039902,Census Tract 399.02; Bronx County; New York,Bronx,1710,1018,734,59.5,42.9
1400000US36005005002,Census Tract 50.02; Bronx County; New York,Bronx,1764,1210,760,68.6,43.1
1400000US36005032600,Census Tract 326; Bronx County; New York,Bronx,541,386,233,71.3,43.1
1400000US36005022701,Census Tract 227.01; Bronx County; New York,Bronx,1992,1386,859,69.6,43.1
1400000US36005040303,Census Tract 403.03; Bronx County; New York,Bronx,1291,960,558,74.4,43.2
1400000US36005006900,Census Tract 69; Bronx County; New York,Bronx,2619,1875,1137,71.6,43.4
1400000US36005036901,Census Tract 369.01; Bronx County; New York,Bronx,680,442,298,65.0,43.8
1400000US36005038600,Census Tract 386; Bronx County; New York,Bronx,1822,1075,800,59.0,43.9
1400000US36005008700,Census Tract 87; Bronx County; New York,Bronx,1967,1141,868,58.0,44.1
1400000US36005009600,Census Tract 96; Bronx County; New York,Bronx,641,446,284,69.6,44.3
1400000US36005006301,Census Tract 63.01; Bronx County; New York,Bronx,2506,1607,1113,64.1,44.4
1400000US36005040502,Census Tract 405.02; Bronx County; New York,Bronx,2259,1644,1009,72.8,44.7
1400000US36005005001,Census Tract 50.01; Bronx County; New York,Bronx,1238,852,555,68.8,44.8
1400000US36005022703,Census Tract 227.03; Bronx County; New York,Bronx,695,405,312,58.3,44.9
1400000US36005041500,Census Tract 415; Bronx County; New York,Bronx,1895,1458,854,76.9,45.1
1400000US36005017902,Census Tract 179.02; Bronx County; New York,Bronx,1216,861,549,70.8,45.1
1400000US36005006400,Census Tract 64; Bronx County; New York,Bronx,1314,854,596,65.0,45.4
1400000US36005036300,Census Tract 363; Bronx County; New York,Bronx,2406,1442,1103,59.9,45.8
1400000US36005036502,Census Tract 365.02; Bronx County; New York,Bronx,734,524,336,71.4,45.8
1400000US36005021501,Census Tract 215.01; Bronx County; New York,Bronx,1294,876,594,67.7,45.9
1400000US36005024000,Census Tract 240; Bronx County; New York,Bronx,723,517,333,71.5,46.1
1400000US36005023000,Census Tract 230; Bronx County; New York,Bronx,791,583,366,73.7,46.3
1400000US36005040600,Census Tract 406; Bronx County; New York,Bronx,949,699,440,73.7,46.4
1400000US36005005902,Census Tract 59.02; Bronx County; New York,Bronx,829,577,385,69.6,46.4
1400000US36005023501,Census Tract 235.01; Bronx County; New York,Bronx,1200,755,558,62.9,46.5
1400000US36005023703,Census Tract 237.03; Bronx County; New York,Bronx,1801,1342,845,74.5,46.9
1400000US36005043501,Census Tract 435.01; Bronx County; New York,Bronx,446,267,209,59.9,46.9
1400000US36005002702,Census Tract 27.02; Bronx County; New York,Bronx,1421,995,669,70.0,47.1
1400000US36005036800,Census Tract 368; Bronx County; New York,Bronx,264,158,125,59.8,47.3
1400000US36005026900,Census Tract 269; Bronx County; New York,Bronx,1806,1127,858,62.4,47.5
1400000US36005007800,Census Tract 78; Bronx County; New York,Bronx,1399,949,669,67.8,47.8
1400000US36005033201,Census Tract 332.01; Bronx County; New York,Bronx,1679,1064,805,63.4,47.9
1400000US36005022702,Census Tract 227.02; Bronx County; New York,Bronx,512,315,248,61.5,48.4
1400000US36005022000,Census Tract 220; Bronx County; New York,Bronx,594,367,288,61.8,48.5
1400000US36005014500,Census Tract 145; Bronx County; New York,Bronx,2397,1808,1165,75.4,48.6
1400000US36005021601,Census Tract 216.01; Bronx County; New York,Bronx,1412,914,692,64.7,49.0
1400000US36005042800,Census Tract 428; Bronx County; New York,Bronx,124,93,61,75.0,49.2
1400000US36005011701,Census Tract 117.01; Bronx County; New York,Bronx,440,319,217,72.5,49.3
1400000US36005018102,Census Tract 181.02; Bronx County; New York,Bronx,2109,1286,1044,61.0,49.5
1400000US36005005300,Census Tract 53; Bronx County; New York,Bronx,1592,1153,790,72.4,49.6
1400000US36005040304,Census Tract 403.04; Bronx County; New York,Bronx,1220,796,608,65.2,49.8
1400000US36005026400,Census Tract 264; Bronx County; New York,Bronx,1593,948,793,59.5,49.8
1400000US36005022902,Census Tract 229.02; Bronx County; New York,Bronx,1057,690,528,65.3,50.0
1400000US36005021301,Census Tract 213.01; Bronx County; New York,Bronx,313,217,160,69.3,51.1
1400000US36005004100,Census Tract 41; Bronx County; New York,Bronx,2425,1354,1242,55.8,51.2
1400000US36005012300,Census Tract 123; Bronx County; New York,Bronx,1562,940,801,60.2,51.3
1400000US36005024300,Census Tract 243; Bronx County; New York,Bronx,2007,1239,1031,61.7,51.4
1400000US36005015800,Census Tract 158; Bronx County; New York,Bronx,281,204,151,72.6,53.7
1400000US36005028300,Census Tract 283; Bronx County; New York,Bronx,985,691,529,70.2,53.7
1400000US36005014900,Census Tract 149; Bronx County; New York,Bronx,1203,854,654,71.0,54.4
1400000US36005044200,Census Tract 442; Bronx County; New York,Bronx,533,435,290,81.6,54.4
1400000US36005012101,Census Tract 121.01; Bronx County; New York,Bronx,950,632,522,66.5,54.9
1400000US36005011502,Census Tract 115.02; Bronx County; New York,Bronx,1431,992,807,69.3,56.4
1400000US36005023704,Census Tract 237.04; Bronx County; New York,Bronx,1392,1117,787,80.2,56.5
1400000US36005031600,Census Tract 316; Bronx County; New York,Bronx,252,147,143,58.3,56.7
1400000US36005036400,Census Tract 364; Bronx County; New York,Bronx,424,315,242,74.3,57.1
1400000US36005016000,Census Tract 160; Bronx County; New York,Bronx,555,379,321,68.3,57.8
1400000US36005013100,Census Tract 131; Bronx County; New York,Bronx,2006,1413,1163,70.4,58.0
1400000US36005040100,Census Tract 401; Bronx County; New York,Bronx,2136,1523,1255,71.3,58.8
1400000US36005007100,Census Tract 71; Bronx County; New York,Bronx,1155,838,684,72.6,59.2
1400000US36005019700,Census Tract 197; Bronx County; New York,Bronx,2528,1795,1535,71.0,60.7
1400000US36005038500,Census Tract 385; Bronx County; New York,Bronx,1859,1241,1176,66.8,63.3
1400000US36005034400,Census Tract 344; Bronx County; New York,Bronx,245,181,160,73.9,65.3
1400000US36005039800,Census Tract 398; Bronx County; New York,Bronx,727,607,510,83.5,70.2
1400000US36005006800,Census Tract 68; Bronx County; New York,Bronx,634,550,454,86.8,71.6
1400000US36005031900,Census Tract 319; Bronx County; New York,Bronx,6,6,6,100.0,100.0
1400000US36047057902,Census Tract 579.02; Kings County; New York,Brooklyn,0,0,0,,
1400000US36047118000,Census Tract 1180; Kings County; New York,Brooklyn,0,0,0,,
1400000US36047011902,Census Tract 119.02; Kings County; New York,Brooklyn,0,0,0,,
1400000US36047990100,Census Tract 9901; Kings County; New York,Brooklyn,0,0,0,,
1400000US36047070203,Census Tract 702.03; Kings County; New York,Brooklyn,0,0,0,,
1400000US36047001801,Census Tract 18.01; Kings County; New York,Brooklyn,0,0,0,,
1400000US36047003102,Census Tract 31.02; Kings County; New York,Brooklyn,0,0,0,,
1400000US36047096000,Census Tract 960; Kings County; New York,Brooklyn,0,0,0,,
1400000US36047001802,Census Tract 18.02; Kings County; New York,Brooklyn,0,0,0,,
1400000US36047044902,Census Tract 449.02; Kings County; New York,Brooklyn,0,0,0,,
1400000US36047040700,Census Tract 407; Kings County; New York,Brooklyn,0,0,0,,
1400000US36047085200,Census Tract 852; Kings County; New York,Brooklyn,0,0,0,,
1400000US36047103402,Census Tract 1034.02; Kings County; New York,Brooklyn,0,0,0,,
1400000US36047054300,Census Tract 543; Kings County; New York,Brooklyn,0,0,0,,
1400000US36047008600,Census Tract 86; Kings County; New York,Brooklyn,0,0,0,,
1400000US36047001804,Census Tract 18.04; Kings County; New York,Brooklyn,0,0,0,,
1400000US36047107002,Census Tract 1070.02; Kings County; New York,Brooklyn,0,0,0,,
1400000US36047058902,Census Tract 589.02; Kings County; New York,Brooklyn,0,0,0,,
1400000US36047035702,Census Tract 357.02; Kings County; New York,Brooklyn,0,0,0,,
1400000US36047066600,Census Tract 666; Kings County; New York,Brooklyn,0,0,0,,
1400000US36047070602,Census Tract 706.02; Kings County; New York,Brooklyn,0,0,0,,
1400000US36047017700,Census Tract 177; Kings County; New York,Brooklyn,0,0,0,,
1400000US36047102802,Census Tract 1028.02; Kings County; New York,Brooklyn,0,0,0,,
1400000US36047031402,Census Tract 314.02; Kings County; New York,Brooklyn,0,0,0,,
1400000US36047015400,Census Tract 154; Kings County; New York,Brooklyn,0,0,0,,
1400000US36047107003,Census Tract 1070.03; Kings County; New York,Brooklyn,0,0,0,,
1400000US36047001803,Census Tract 18.03; Kings County; New York,Brooklyn,0,0,0,,
1400000US36047017500,Census Tract 175; Kings County; New York,Brooklyn,0,0,0,,
1400000US36047073400,Census Tract 734; Kings County; New York,Brooklyn,93,0,0,0.0,0.0
1400000US36047005303,Census Tract 53.03; Kings County; New York,Brooklyn,23,0,0,0.0,0.0
1400000US36047075400,Census Tract 754; Kings County; New York,Brooklyn,77,0,0,0.0,0.0
1400000US36047085000,Census Tract 850; Kings County; New York,Brooklyn,39,11,0,28.2,0.0
1400000US36047070202,Census Tract 702.02; Kings County; New York,Brooklyn,9,0,0,0.0,0.0
1400000US36047061600,Census Tract 616; Kings County; New York,Brooklyn,99,16,0,16.2,0.0
1400000US36047066000,Census Tract 660; Kings County; New York,Brooklyn,106,66,0,62.3,0.0
1400000US36047069000,Census Tract 690; Kings County; New York,Brooklyn,210,8,0,3.8,0.0
1400000US36047005302,Census Tract 53.02; Kings County; New York,Brooklyn,45,0,0,0.0,0.0
1400000US36047015700,Census Tract 157; Kings County; New York,Brooklyn,1194,92,41,7.7,3.4
1400000US36047006700,Census Tract 67; Kings County; New York,Brooklyn,929,187,33,20.1,3.6
1400000US36047015900,Census Tract 159; Kings County; New York,Brooklyn,1127,327,55,29.0,4.9
1400000US36047079400,Census Tract 794; Kings County; New York,Brooklyn,368,115,21,31.3,5.7
1400000US36047048900,Census Tract 489; Kings County; New York,Brooklyn,1500,674,88,44.9,5.9
1400000US36047088001,Census Tract 880.01; Kings County; New York,Brooklyn,370,106,22,28.6,5.9
1400000US36047098400,Census Tract 984; Kings County; New York,Brooklyn,165,31,10,18.8,6.1
1400000US36047102200,Census Tract 1022; Kings County; New York,Brooklyn,325,178,20,54.8,6.2
1400000US36047044901,Census Tract 449.01; Kings County; New York,Brooklyn,1037,421,64,40.6,6.2
1400000US36047068800,Census Tract 688; Kings County; New York,Brooklyn,110,70,7,63.6,6.4
1400000US36047092200,Census Tract 922; Kings County; New York,Brooklyn,1115,578,76,51.8,6.8
1400000US36047007500,Census Tract 75; Kings County; New York,Brooklyn,1133,120,79,10.6,7.0
1400000US36047005100,Census Tract 51; Kings County; New York,Brooklyn,502,146,35,29.1,7.0
1400000US36047020400,Census Tract 204; Kings County; New York,Brooklyn,141,20,10,14.2,7.1
1400000US36047007000,Census Tract 70; Kings County; New York,Brooklyn,664,137,48,20.6,7.2
1400000US36047099400,Census Tract 994; Kings County; New York,Brooklyn,175,18,13,10.3,7.4
1400000US36047073000,Census Tract 730; Kings County; New York,Brooklyn,228,66,17,28.9,7.5
1400000US36047074400,Census Tract 744; Kings County; New York,Brooklyn,79,16,6,20.3,7.6
1400000US36047057400,Census Tract 574; Kings County; New York,Brooklyn,330,114,25,34.5,7.6
1400000US36047070601,Census Tract 706.01; Kings County; New York,Brooklyn,126,54,10,42.9,7.9
1400000US36047003400,Census Tract 34; Kings County; New York,Brooklyn,767,128,61,16.7,8.0
1400000US36047013500,Census Tract 135; Kings County; New York,Brooklyn,727,158,59,21.7,8.1
1400000US36047015100,Census Tract 151; Kings County; New York,Brooklyn,848,230,69,27.1,8.1
1400000US36047008400,Census Tract 84; Kings County; New York,Brooklyn,777,172,63,22.1,8.1
1400000US36047014700,Census Tract 147; Kings County; New York,Brooklyn,464,144,38,31.0,8.2
1400000US36047003101,Census Tract 31.01; Kings County; New York,Brooklyn,1076,363,91,33.7,8.5
1400000US36047014902,Census Tract 149.02; Kings County; New York,Brooklyn,1269,474,112,37.4,8.8
1400000US36047065200,Census Tract 652; Kings County; New York,Brooklyn,68,32,6,47.1,8.8
1400000US36047040300,Census Tract 403; Kings County; New York,Brooklyn,953,349,85,36.6,8.9
1400000US36047006300,Census Tract 63; Kings County; New York,Brooklyn,621,247,59,39.8,9.5
1400000US36047093200,Census Tract 932; Kings County; New York,Brooklyn,241,23,23,9.5,9.5
1400000US36047098800,Census Tract 988; Kings County; New York,Brooklyn,456,150,44,32.9,9.6
1400000US36047031702,Census Tract 317.02; Kings County; New York,Brooklyn,1125,358,108,31.8,9.6
1400000US36047057901,Census Tract 579.01; Kings County; New York,Brooklyn,493,153,48,31.0,9.7
1400000US36047050002,Census Tract 500.02; Kings County; New York,Brooklyn,450,127,44,28.2,9.8
1400000US36047064600,Census Tract 646; Kings County; New York,Brooklyn,101,21,10,20.8,9.9
1400000US36047028700,Census Tract 287; Kings County; New York,Brooklyn,1105,443,111,40.1,10.0
1400000US36047001300,Census Tract 13; Kings County; New York,Brooklyn,528,205,54,38.8,10.2
1400000US36047050300,Census Tract 503; Kings County; New York,Brooklyn,1117,220,114,19.7,10.2
1400000US36047041500,Census Tract 415; Kings County; New York,Brooklyn,1296,475,133,36.7,10.3
1400000US36047015300,Census Tract 153; Kings County; New York,Brooklyn,855,196,88,22.9,10.3
1400000US36047096800,Census Tract 968; Kings County; New York,Brooklyn,87,37,9,42.5,10.3
1400000US36047020000,Census Tract 200; Kings County; New York,Brooklyn,335,119,35,35.5,10.4
1400000US36047020500,Census Tract 205; Kings County; New York,Brooklyn,803,257,85,32.0,10.6
1400000US36047079802,Census Tract 798.02; Kings County; New York,Brooklyn,2616,932,277,35.6,10.6
1400000US36047016500,Census Tract 165; Kings County; New York,Brooklyn,1227,387,130,31.5,10.6
1400000US36047068200,Census Tract 682; Kings County; New York,Brooklyn,178,32,19,18.0,10.7
1400000US36047049900,Census Tract 499; Kings County; New York,Brooklyn,695,311,75,44.7,10.8
1400000US36047012901,Census Tract 129.01; Kings County; New York,Brooklyn,463,104,50,22.5,10.8
1400000US36047073600,Census Tract 736; Kings County; New York,Brooklyn,670,250,74,37.3,11.0
1400000US36047055100,Census Tract 551; Kings County; New York,Brooklyn,2672,843,299,31.5,11.2
1400000US36047059000,Census Tract 590; Kings County; New York,Brooklyn,390,93,44,23.8,11.3
1400000US36047051700,Census Tract 517; Kings County; New York,Brooklyn,1035,221,118,21.4,11.4
1400000US36047040400,Census Tract 404; Kings County; New York,Brooklyn,449,182,51,40.5,11.4
1400000US36047013700,Census Tract 137; Kings County; New York,Brooklyn,1113,327,128,29.4,11.5
1400000US36047034500,Census Tract 345; Kings County; New York,Brooklyn,782,357,90,45.7,11.5
1400000US36047014901,Census Tract 149.01; Kings County; New York,Brooklyn,358,139,41,38.8,11.5
1400000US36047013300,Census Tract 133; Kings County; New York,Brooklyn,1083,327,125,30.2,11.5
1400000US36047004100,Census Tract 41; Kings County; New York,Brooklyn,972,248,113,25.5,11.6
1400000US36047031701,Census Tract 317.01; Kings County; New York,Brooklyn,1444,494,167,34.2,11.6
1400000US36047018100,Census Tract 181; Kings County; New York,Brooklyn,1738,468,206,26.9,11.9
1400000US36047018300,Census Tract 183; Kings County; New York,Brooklyn,901,185,107,20.5,11.9
1400000US36047056301,Census Tract 563.01; Kings County; New York,Brooklyn,2103,749,251,35.6,11.9
1400000US36047006902,Census Tract 69.02; Kings County; New York,Brooklyn,503,138,60,27.4,11.9
1400000US36047051900,Census Tract 519; Kings County; New York,Brooklyn,2858,564,343,19.7,12.0
1400000US36047016200,Census Tract 162; Kings County; New York,Brooklyn,667,311,81,46.6,12.1
1400000US36047041300,Census Tract 413; Kings County; New York,Brooklyn,965,507,117,52.5,12.1
1400000US36047016700,Census Tract 167; Kings County; New York,Brooklyn,1044,486,127,46.6,12.2
1400000US36047056100,Census Tract 561; Kings County; New York,Brooklyn,1456,601,177,41.3,12.2
1400000US36047006500,Census Tract 65; Kings County; New York,Brooklyn,1400,268,172,19.1,12.3
1400000US36047011901,Census Tract 119.01; Kings County; New York,Brooklyn,383,154,48,40.2,12.5
1400000US36047056900,Census Tract 569; Kings County; New York,Brooklyn,597,149,76,25.0,12.7
1400000US36047011700,Census Tract 117; Kings County; New York,Brooklyn,626,223,80,35.6,12.8
1400000US36047004300,Census Tract 43; Kings County; New York,Brooklyn,1437,519,185,36.1,12.9
1400000US36047008500,Census Tract 85; Kings County; New York,Brooklyn,2995,1238,389,41.3,13.0
1400000US36047058800,Census Tract 588; Kings County; New York,Brooklyn,975,325,128,33.3,13.1
1400000US36047049301,Census Tract 493.01; Kings County; New York,Brooklyn,947,394,125,41.6,13.2
1400000US36047072000,Census Tract 720; Kings County; New York,Brooklyn,365,145,48,39.7,13.2
1400000US36047055300,Census Tract 553; Kings County; New York,Brooklyn,1377,403,183,29.3,13.3
1400000US36047020300,Census Tract 203; Kings County; New York,Brooklyn,659,254,88,38.5,13.4
1400000US36047011200,Census Tract 112; Kings County; New York,Brooklyn,1747,838,235,48.0,13.5
1400000US36047059800,Census Tract 598; Kings County; New York,Brooklyn,722,356,99,49.3,13.7
1400000US36047057100,Census Tract 571; Kings County; New York,Brooklyn,1708,593,234,34.7,13.7
1400000US36047152200,Census Tract 1522; Kings County; New York,Brooklyn,402,200,55,49.8,13.7
1400000US36047047700,Census Tract 477; Kings County; New York,Brooklyn,1487,454,203,30.5,13.7
1400000US36047031100,Census Tract 311; Kings County; New York,Brooklyn,955,439,133,46.0,13.9
1400000US36047064800,Census Tract 648; Kings County; New York,Brooklyn,115,27,16,23.5,13.9
1400000US36047020200,Census Tract 202; Kings County; New York,Brooklyn,165,80,23,48.5,13.9
1400000US36047043900,Census Tract 439; Kings County; New York,Brooklyn,652,402,91,61.7,14.0
1400000US36047000900,Census Tract 9; Kings County; New York,Brooklyn,1776,459,251,25.8,14.1
1400000US36047026700,Census Tract 267; Kings County; New York,Brooklyn,1265,420,180,33.2,14.2
1400000US36047056600,Census Tract 566; Kings County; New York,Brooklyn,518,226,74,43.6,14.3
1400000US36047007400,Census Tract 74; Kings County; New York,Brooklyn,1260,492,180,39.0,14.3
1400000US36047013800,Census Tract 138; Kings County; New York,Brooklyn,973,376,141,38.6,14.5
1400000US36047055500,Census Tract 555; Kings County; New York,Brooklyn,3559,950,518,26.7,14.6
1400000US36047050804,Census Tract 508.04; Kings County; New York,Brooklyn,2410,806,354,33.4,14.7
1400000US36047002300,Census Tract 23; Kings County; New York,Brooklyn,1390,727,204,52.3,14.7
1400000US36047051500,Census Tract 515; Kings County; New York,Brooklyn,989,305,146,30.8,14.8
1400000US36047068600,Census Tract 686; Kings County; New York,Brooklyn,223,83,33,37.2,14.8
1400000US36047016800,Census Tract 168; Kings County; New York,Brooklyn,270,78,40,28.9,14.8
1400000US36047043600,Census Tract 436; Kings County; New York,Brooklyn,1246,649,184,52.1,14.8
1400000US36047016100,Census Tract 161; Kings County; New York,Brooklyn,1021,256,152,25.1,14.9
1400000US36047122000,Census Tract 1220; Kings County; New York,Brooklyn,1996,892,298,44.7,14.9
1400000US36047050401,Census Tract 504.01; Kings County; New York,Brooklyn,740,237,112,32.0,15.1
1400000US36047018600,Census Tract 186; Kings County; New York,Brooklyn,284,106,43,37.3,15.1
1400000US36047011000,Census Tract 110; Kings County; New York,Brooklyn,415,161,63,38.8,15.2
1400000US36047099600,Census Tract 996; Kings County; New York,Brooklyn,387,110,59,28.4,15.2
1400000US36047021900,Census Tract 219; Kings County; New York,Brooklyn,1643,637,251,38.8,15.3
1400000US36047045000,Census Tract 450; Kings County; New York,Brooklyn,98,79,15,80.6,15.3
1400000US36047031500,Census Tract 315; Kings County; New York,Brooklyn,2308,976,355,42.3,15.4
1400000US36047019900,Census Tract 199; Kings County; New York,Brooklyn,2087,608,321,29.1,15.4
1400000US36047025300,Census Tract 253; Kings County; New York,Brooklyn,1008,338,156,33.5,15.5
1400000US36047019000,Census Tract 190; Kings County; New York,Brooklyn,1287,630,201,49.0,15.6
1400000US36047008800,Census Tract 88; Kings County; New York,Brooklyn,733,273,116,37.2,15.8
1400000US36047042500,Census Tract 425; Kings County; New York,Brooklyn,969,523,153,54.0,15.8
1400000US36047029400,Census Tract 294; Kings County; New York,Brooklyn,419,150,66,35.8,15.8
1400000US36047018501,Census Tract 185.01; Kings County; New York,Brooklyn,1493,687,238,46.0,15.9
1400000US36047022700,Census Tract 227; Kings County; New York,Brooklyn,1837,635,294,34.6,16.0
1400000US36047054200,Census Tract 542; Kings County; New York,Brooklyn,1282,659,209,51.4,16.3
1400000US36047051800,Census Tract 518; Kings County; New York,Brooklyn,1062,253,173,23.8,16.3
1400000US36047087401,Census Tract 874.01; Kings County; New York,Brooklyn,1322,599,217,45.3,16.4
1400000US36047029900,Census Tract 299; Kings County; New York,Brooklyn,955,537,157,56.2,16.4
1400000US36047000501,Census Tract 5.01; Kings County; New York,Brooklyn,831,381,137,45.8,16.5
1400000US36047037300,Census Tract 373; Kings County; New York,Brooklyn,1564,683,259,43.7,16.6
1400000US36047030500,Census Tract 305; Kings County; New York,Brooklyn,2929,1156,485,39.5,16.6
1400000US36047091800,Census Tract 918; Kings County; New York,Brooklyn,731,317,122,43.4,16.7
1400000US36047003300,Census Tract 33; Kings County; New York,Brooklyn,2206,1177,368,53.4,16.7
1400000US36047090800,Census Tract 908; Kings County; New York,Brooklyn,1502,474,253,31.6,16.8
1400000US36047105801,Census Tract 1058.01; Kings County; New York,Brooklyn,3181,1587,535,49.9,16.8
1400000US36047002100,Census Tract 21; Kings County; New York,Brooklyn,1409,408,237,29.0,16.8
1400000US36047014500,Census Tract 145; Kings County; New York,Brooklyn,1396,725,235,51.9,16.8
1400000US36047054900,Census Tract 549; Kings County; New York,Brooklyn,1803,693,305,38.4,16.9
1400000US36047022900,Census Tract 229; Kings County; New York,Brooklyn,1349,513,231,38.0,17.1
1400000US36047077000,Census Tract 770; Kings County; New York,Brooklyn,621,274,106,44.1,17.1
1400000US36047028800,Census Tract 288; Kings County; New York,Brooklyn,774,217,132,28.0,17.1
1400000US36047004500,Census Tract 45; Kings County; New York,Brooklyn,913,337,156,36.9,17.1
1400000US36047042700,Census Tract 427; Kings County; New York,Brooklyn,1693,794,291,46.9,17.2
1400000US36047019500,Census Tract 195; Kings County; New York,Brooklyn,692,245,119,35.4,17.2
1400000US36047064000,Census Tract 640; Kings County; New York,Brooklyn,29,11,5,37.9,17.2
1400000US36047089800,Census Tract 898; Kings County; New York,Brooklyn,481,174,83,36.2,17.3
1400000US36047013900,Census Tract 139; Kings County; New York,Brooklyn,949,336,165,35.4,17.4
1400000US36047032500,Census Tract 325; Kings County; New York,Brooklyn,2601,943,452,36.3,17.4
1400000US36047054500,Census Tract 545; Kings County; New York,Brooklyn,2394,749,419,31.3,17.5
1400000US36047116200,Census Tract 1162; Kings County; New York,Brooklyn,451,310,79,68.7,17.5
1400000US36047061200,Census Tract 612; Kings County; New York,Brooklyn,177,64,31,36.2,17.5
1400000US36047097000,Census Tract 970; Kings County; New York,Brooklyn,246,62,43,25.2,17.5
1400000US36047026800,Census Tract 268; Kings County; New York,Brooklyn,991,404,173,40.8,17.5
1400000US36047001100,Census Tract 11; Kings County; New York,Brooklyn,784,282,138,36.0,17.6
1400000US36047056200,Census Tract 562; Kings County; New York,Brooklyn,62,58,11,93.5,17.7
1400000US36047056000,Census Tract 560; Kings County; New York,Brooklyn,976,440,173,45.1,17.7
1400000US36047005201,Census Tract 52.01; Kings County; New York,Brooklyn,777,366,138,47.1,17.8
1400000US36047029300,Census Tract 293; Kings County; New York,Brooklyn,1034,365,184,35.3,17.8
1400000US36047078400,Census Tract 784; Kings County; New York,Brooklyn,477,149,85,31.2,17.8
1400000US36047049302,Census Tract 493.02; Kings County; New York,Brooklyn,2395,1080,426,45.1,17.8
1400000US36047098600,Census Tract 986; Kings County; New York,Brooklyn,546,162,97,29.7,17.8
1400000US36047004400,Census Tract 44; Kings County; New York,Brooklyn,224,92,40,41.1,17.9
1400000US36047015500,Census Tract 155; Kings County; New York,Brooklyn,562,147,101,26.2,18.0
1400000US36047120200,Census Tract 1202; Kings County; New York,Brooklyn,283,158,51,55.8,18.0
1400000US36047059300,Census Tract 593; Kings County; New York,Brooklyn,846,306,152,36.2,18.0
1400000US36047072400,Census Tract 724; Kings County; New York,Brooklyn,298,109,54,36.6,18.1
1400000US36047010100,Census Tract 101; Kings County; New York,Brooklyn,1094,338,198,30.9,18.1
1400000US36047048500,Census Tract 485; Kings County; New York,Brooklyn,930,445,169,47.8,18.2
1400000US36047012100,Census Tract 121; Kings County; New York,Brooklyn,642,279,117,43.5,18.2
1400000US36047050202,Census Tract 502.02; Kings County; New York,Brooklyn,444,247,81,55.6,18.2
1400000US36047023200,Census Tract 232; Kings County; New York,Brooklyn,952,395,173,41.5,18.2
1400000US36047020700,Census Tract 207; Kings County; New York,Brooklyn,1409,410,256,29.1,18.2
1400000US36047049800,Census Tract 498; Kings County; New York,Brooklyn,1183,617,216,52.2,18.3
1400000US36047012700,Census Tract 127; Kings County; New York,Brooklyn,1575,830,288,52.7,18.3
1400000US36047001502,Census Tract 15.02; Kings County; New York,Brooklyn,2555,1086,470,42.5,18.4
1400000US36047074000,Census Tract 740; Kings County; New York,Brooklyn,727,410,134,56.4,18.4
1400000US36047007700,Census Tract 77; Kings County; New York,Brooklyn,2064,534,380,25.9,18.4
1400000US36047005601,Census Tract 56.01; Kings County; New York,Brooklyn,634,264,117,41.6,18.5
1400000US36047053200,Census Tract 532; Kings County; New York,Brooklyn,465,141,86,30.3,18.5
1400000US36047082200,Census Tract 822; Kings County; New York,Brooklyn,3012,1079,560,35.8,18.6
1400000US36047027500,Census Tract 275; Kings County; New York,Brooklyn,1031,495,192,48.0,18.6
1400000US36047035200,Census Tract 352; Kings County; New York,Brooklyn,817,486,153,59.5,18.7
1400000US36047055700,Census Tract 557; Kings County; New York,Brooklyn,905,437,169,48.3,18.7
1400000US36047089000,Census Tract 890; Kings County; New York,Brooklyn,2187,955,411,43.7,18.8
1400000US36047012902,Census Tract 129.02; Kings County; New York,Brooklyn,1629,480,307,29.5,18.8
1400000US36047078000,Census Tract 780; Kings County; New York,Brooklyn,148,56,28,37.8,18.9
1400000US36047118201,Census Tract 1182.01; Kings County; New York,Brooklyn,767,321,145,41.9,18.9
1400000US36047000502,Census Tract 5.02; Kings County; New York,Brooklyn,880,305,166,34.7,18.9
1400000US36047038500,Census Tract 385; Kings County; New York,Brooklyn,1090,431,206,39.5,18.9
1400000US36047051200,Census Tract 512; Kings County; New York,Brooklyn,1928,893,367,46.3,19.0
1400000US36047115200,Census Tract 1152; Kings County; New York,Brooklyn,669,386,127,57.7,19.0
1400000US36047116800,Census Tract 1168; Kings County; New York,Brooklyn,622,259,118,41.6,19.0
1400000US36047021200,Census Tract 212; Kings County; New York,Brooklyn,927,376,177,40.6,19.1
1400000US36047081600,Census Tract 816; Kings County; New York,Brooklyn,603,271,116,44.9,19.2
1400000US36047023100,Census Tract 231; Kings County; New York,Brooklyn,1252,408,241,32.6,19.2
1400000US36047035102,Census Tract 351.02; Kings County; New York,Brooklyn,941,349,181,37.1,19.2
1400000US36047094600,Census Tract 946; Kings County; New York,Brooklyn,181,91,35,50.3,19.3
1400000US36047021500,Census Tract 215; Kings County; New York,Brooklyn,1950,877,376,45.0,19.3
1400000US36047083600,Census Tract 836; Kings County; New York,Brooklyn,171,87,33,50.9,19.3
1400000US36047005202,Census Tract 52.02; Kings County; New York,Brooklyn,712,355,138,49.9,19.4
1400000US36047055600,Census Tract 556; Kings County; New York,Brooklyn,759,411,147,54.2,19.4
1400000US36047050100,Census Tract 501; Kings County; New York,Brooklyn,1143,377,222,33.0,19.4
1400000US36047024600,Census Tract 246; Kings County; New York,Brooklyn,376,129,73,34.3,19.4
1400000US36047121000,Census Tract 1210; Kings County; New York,Brooklyn,1625,551,317,33.9,19.5
1400000US36047096400,Census Tract 964; Kings County; New York,Brooklyn,353,222,69,62.9,19.5
1400000US36047036501,Census Tract 365.01; Kings County; New York,Brooklyn,1247,427,243,34.2,19.5
1400000US36047024100,Census Tract 241; Kings County; New York,Brooklyn,1043,432,204,41.4,19.6
1400000US36047039800,Census Tract 398; Kings County; New York,Brooklyn,271,144,53,53.1,19.6
1400000US36047058200,Census Tract 582; Kings County; New York,Brooklyn,682,345,134,50.6,19.6
1400000US36047027800,Census Tract 278; Kings County; New York,Brooklyn,822,337,162,41.0,19.7
1400000US36047011400,Census Tract 114; Kings County; New York,Brooklyn,679,329,134,48.5,19.7
1400000US36047076400,Census Tract 764; Kings County; New York,Brooklyn,1422,684,280,48.1,19.7
1400000US36047083400,Census Tract 834; Kings County; New York,Brooklyn,131,40,26,30.5,19.8
1400000US36047028300,Census Tract 283; Kings County; New York,Brooklyn,1354,549,268,40.5,19.8
1400000US36047050801,Census Tract 508.01; Kings County; New York,Brooklyn,1413,541,281,38.3,19.9
1400000US36047025500,Census Tract 255; Kings County; New York,Brooklyn,2061,1168,410,56.7,19.9
1400000US36047021700,Census Tract 217; Kings County; New York,Brooklyn,1658,620,331,37.4,20.0
1400000US36047035000,Census Tract 350; Kings County; New York,Brooklyn,1162,525,232,45.2,20.0
1400000US36047027300,Census Tract 273; Kings County; New York,Brooklyn,855,361,171,42.2,20.0
1400000US36047041200,Census Tract 412; Kings County; New York,Brooklyn,533,213,107,40.0,20.1
1400000US36047051602,Census Tract 516.02; Kings County; New York,Brooklyn,1376,794,276,57.7,20.1
1400000US36047075800,Census Tract 758; Kings County; New York,Brooklyn,297,151,60,50.8,20.2
1400000US36047028502,Census Tract 285.02; Kings County; New York,Brooklyn,1187,685,242,57.7,20.4
1400000US36047016300,Census Tract 163; Kings County; New York,Brooklyn,1385,501,284,36.2,20.5
1400000US36047019700,Census Tract 197; Kings County; New York,Brooklyn,834,231,173,27.7,20.7
1400000US36047065400,Census Tract 654; Kings County; New York,Brooklyn,86,66,18,76.7,20.9
1400000US36047075600,Census Tract 756; Kings County; New York,Brooklyn,254,106,53,41.7,20.9
1400000US36047067000,Census Tract 670; Kings County; New York,Brooklyn,521,274,109,52.6,20.9
1400000US36047044800,Census Tract 448; Kings County; New York,Brooklyn,364,147,76,40.4,20.9
1400000US36047006901,Census Tract 69.01; Kings County; New York,Brooklyn,547,256,115,46.8,21.0
1400000US36047113400,Census Tract 1134; Kings County; New York,Brooklyn,1016,423,213,41.6,21.0
1400000US36047092800,Census Tract 928; Kings County; New York,Brooklyn,581,256,122,44.1,21.0
1400000US36047091200,Census Tract 912; Kings County; New York,Brooklyn,2604,1036,546,39.8,21.0
1400000US36047105804,Census Tract 1058.04; Kings County; New York,Brooklyn,2893,1428,608,49.4,21.0
1400000US36047047400,Census Tract 474; Kings County; New York,Brooklyn,424,153,89,36.1,21.0
1400000US36047050500,Census Tract 505; Kings County; New York,Brooklyn,1858,1002,390,53.9,21.0
1400000US36047057600,Census Tract 576; Kings County; New York,Brooklyn,315,81,66,25.7,21.0
1400000US36047014300,Census Tract 143; Kings County; New York,Brooklyn,987,428,208,43.4,21.1
1400000US36047033300,Census Tract 333; Kings County; New York,Brooklyn,871,469,184,53.8,21.1
1400000US36047024900,Census Tract 249; Kings County; New York,Brooklyn,1841,733,390,39.8,21.2
1400000US36047017000,Census Tract 170; Kings County; New York,Brooklyn,547,260,116,47.5,21.2
1400000US36047043000,Census Tract 430; Kings County; New York,Brooklyn,1142,544,243,47.6,21.3
1400000US36047018700,Census Tract 187; Kings County; New York,Brooklyn,301,115,64,38.2,21.3
1400000US36047089600,Census Tract 896; Kings County; New York,Brooklyn,1627,817,348,50.2,21.4
1400000US36047038900,Census Tract 389; Kings County; New York,Brooklyn,1096,532,235,48.5,21.4
1400000US36047121400,Census Tract 1214; Kings County; New York,Brooklyn,1574,554,337,35.2,21.4
1400000US36047048400,Census Tract 484; Kings County; New York,Brooklyn,1267,470,272,37.1,21.5
1400000US36047059100,Census Tract 591; Kings County; New York,Brooklyn,1660,594,357,35.8,21.5
1400000US36047019200,Census Tract 192; Kings County; New York,Brooklyn,500,209,108,41.8,21.6
1400000US36047082600,Census Tract 826; Kings County; New York,Brooklyn,1447,706,313,48.8,21.6
1400000US36047040500,Census Tract 405; Kings County; New York,Brooklyn,592,384,128,64.9,21.6
1400000US36047032600,Census Tract 326; Kings County; New York,Brooklyn,2418,1267,525,52.4,21.7
1400000US36047069200,Census Tract 692; Kings County; New York,Brooklyn,314,204,68,65.0,21.7
1400000US36047046201,Census Tract 462.01; Kings County; New York,Brooklyn,669,357,146,53.4,21.8
1400000US36047003000,Census Tract 30; Kings County; New York,Brooklyn,403,168,88,41.7,21.8
1400000US36047077400,Census Tract 774; Kings County; New York,Brooklyn,1042,538,228,51.6,21.9
1400000US36047062800,Census Tract 628; Kings County; New York,Brooklyn,278,191,61,68.7,21.9
1400000US36047005301,Census Tract 53.01; Kings County; New York,Brooklyn,572,232,125,40.6,21.9
1400000US36047036300,Census Tract 363; Kings County; New York,Brooklyn,1662,770,364,46.3,21.9
1400000US36047057500,Census Tract 575; Kings County; New York,Brooklyn,2002,766,441,38.3,22.0
1400000US36047003800,Census Tract 38; Kings County; New York,Brooklyn,214,68,47,31.8,22.0
1400000US36047004900,Census Tract 49; Kings County; New York,Brooklyn,659,313,145,47.5,22.0
1400000US36047094402,Census Tract 944.02; Kings County; New York,Brooklyn,1032,434,227,42.1,22.0
1400000US36047093000,Census Tract 930; Kings County; New York,Brooklyn,359,130,79,36.2,22.0
1400000US36047004700,Census Tract 47; Kings County; New York,Brooklyn,579,295,128,50.9,22.1
1400000US36047025700,Census Tract 257; Kings County; New York,Brooklyn,814,368,180,45.2,22.1
1400000US36047078601,Census Tract 786.01; Kings County; New York,Brooklyn,655,337,145,51.5,22.1
1400000US36047117800,Census Tract 1178; Kings County; New York,Brooklyn,436,245,97,56.2,22.2
1400000US36047081000,Census Tract 810; Kings County; New York,Brooklyn,749,229,166,30.6,22.2
1400000US36047037500,Census Tract 375; Kings County; New York,Brooklyn,1318,724,293,54.9,22.2
1400000US36047063600,Census Tract 636; Kings County; New York,Brooklyn,18,13,4,72.2,22.2
1400000US36047111600,Census Tract 1116; Kings County; New York,Brooklyn,730,296,162,40.5,22.2
1400000US36047110600,Census Tract 1106; Kings County; New York,Brooklyn,1922,1143,429,59.5,22.3
1400000US36047007100,Census Tract 71; Kings County; New York,Brooklyn,1337,695,300,52.0,22.4
1400000US36047102000,Census Tract 1020; Kings County; New York,Brooklyn,170,43,38,25.3,22.4
1400000US36047012801,Census Tract 128.01; Kings County; New York,Brooklyn,542,263,122,48.5,22.5
1400000US36047005400,Census Tract 54; Kings County; New York,Brooklyn,1222,415,276,34.0,22.6
1400000US36047014102,Census Tract 141.02; Kings County; New York,Brooklyn,509,272,115,53.4,22.6
1400000US36047002901,Census Tract 29.01; Kings County; New York,Brooklyn,1337,652,303,48.8,22.7
1400000US36047045600,Census Tract 456; Kings County; New York,Brooklyn,651,261,148,40.1,22.7
1400000US36047057200,Census Tract 572; Kings County; New York,Brooklyn,2145,874,490,40.7,22.8
1400000US36047000700,Census Tract 7; Kings County; New York,Brooklyn,1195,522,272,43.7,22.8
1400000US36047020100,Census Tract 201; Kings County; New York,Brooklyn,1355,641,309,47.3,22.8
1400000US36047007800,Census Tract 78; Kings County; New York,Brooklyn,1021,459,233,45.0,22.8
1400000US36047095000,Census Tract 950; Kings County; New York,Brooklyn,257,59,59,23.0,23.0
1400000US36047058901,Census Tract 589.01; Kings County; New York,Brooklyn,739,316,170,42.8,23.0
1400000US36047057300,Census Tract 573; Kings County; New York,Brooklyn,907,463,209,51.0,23.0
1400000US36047000301,Census Tract 3.01; Kings County; New York,Brooklyn,1070,332,246,31.0,23.0
1400000US36047044000,Census Tract 440; Kings County; New York,Brooklyn,505,297,116,58.8,23.0
1400000US36047044600,Census Tract 446; Kings County; New York,Brooklyn,338,205,78,60.7,23.1
1400000US36047025400,Census Tract 254; Kings County; New York,Brooklyn,743,432,172,58.1,23.1
1400000US36047013100,Census Tract 131; Kings County; New York,Brooklyn,1266,553,294,43.7,23.2
1400000US36047016900,Census Tract 169; Kings County; New York,Brooklyn,1256,484,291,38.5,23.2
1400000US36047049500,Census Tract 495; Kings County; New York,Brooklyn,1235,524,288,42.4,23.3
1400000US36047052600,Census Tract 526; Kings County; New York,Brooklyn,1499,697,349,46.5,23.3
1400000US36047103401,Census Tract 1034.01; Kings County; New York,Brooklyn,1641,793,382,48.3,23.3
1400000US36047081800,Census Tract 818; Kings County; New York,Brooklyn,1384,770,323,55.6,23.3
1400000US36047042000,Census Tract 420; Kings County; New York,Brooklyn,235,167,55,71.1,23.4
1400000US36047059404,Census Tract 594.04; Kings County; New York,Brooklyn,1101,739,258,67.1,23.4
1400000US36047042800,Census Tract 428; Kings County; New York,Brooklyn,813,384,191,47.2,23.5
1400000US36047056400,Census Tract 564; Kings County; New York,Brooklyn,132,57,31,43.2,23.5
1400000US36047030200,Census Tract 302; Kings County; New York,Brooklyn,746,301,176,40.3,23.6
1400000US36047027900,Census Tract 279; Kings County; New York,Brooklyn,1058,541,250,51.1,23.6
1400000US36047003900,Census Tract 39; Kings County; New York,Brooklyn,914,313,216,34.2,23.6
1400000US36047034902,Census Tract 349.02; Kings County; New York,Brooklyn,1595,1017,376,63.8,23.6
1400000US36047036400,Census Tract 364; Kings County; New York,Brooklyn,601,407,142,67.7,23.6
1400000US36047013400,Census Tract 134; Kings County; New York,Brooklyn,949,377,224,39.7,23.6
1400000US36047047600,Census Tract 476; Kings County; New York,Brooklyn,489,167,116,34.2,23.7
1400000US36047003700,Census Tract 37; Kings County; New York,Brooklyn,2314,916,548,39.6,23.7
1400000US36047031401,Census Tract 314.01; Kings County; New York,Brooklyn,878,461,208,52.5,23.7
1400000US36047117601,Census Tract 1176.01; Kings County; New York,Brooklyn,630,328,150,52.1,23.8
1400000US36047055200,Census Tract 552; Kings County; New York,Brooklyn,1104,332,263,30.1,23.8
1400000US36047072600,Census Tract 726; Kings County; New York,Brooklyn,151,80,36,53.0,23.8
1400000US36047051100,Census Tract 511; Kings County; New York,Brooklyn,1700,849,404,49.9,23.8
1400000US36047032700,Census Tract 327; Kings County; New York,Brooklyn,1134,533,271,47.0,23.9
1400000US36047073800,Census Tract 738; Kings County; New York,Brooklyn,682,358,163,52.5,23.9
1400000US36047076000,Census Tract 760; Kings County; New York,Brooklyn,858,429,205,50.0,23.9
1400000US36047119200,Census Tract 1192; Kings County; New York,Brooklyn,724,350,174,48.3,24.0
1400000US36047043100,Census Tract 431; Kings County; New York,Brooklyn,1693,1057,406,62.4,24.0
1400000US36047090200,Census Tract 902; Kings County; New York,Brooklyn,695,341,167,49.1,24.0
1400000US36047107800,Census Tract 1078; Kings County; New York,Brooklyn,647,283,155,43.7,24.0
1400000US36047037000,Census Tract 370; Kings County; New York,Brooklyn,619,378,149,61.1,24.1
1400000US36047051300,Census Tract 513; Kings County; New York,Brooklyn,2153,811,518,37.7,24.1
1400000US36047044700,Census Tract 447; Kings County; New York,Brooklyn,897,463,217,51.6,24.2
1400000US36047118202,Census Tract 1182.02; Kings County; New York,Brooklyn,653,271,159,41.5,24.3
1400000US36047076800,Census Tract 768; Kings County; New York,Brooklyn,942,446,229,47.3,24.3
1400000US36047005602,Census Tract 56.02; Kings County; New York,Brooklyn,361,155,88,42.9,24.4
1400000US36047119600,Census Tract 1196; Kings County; New York,Brooklyn,1730,1094,422,63.2,24.4
1400000US36047006000,Census Tract 60; Kings County; New York,Brooklyn,683,294,167,43.0,24.5
1400000US36047096600,Census Tract 966; Kings County; New York,Brooklyn,220,164,54,74.5,24.5
1400000US36047005900,Census Tract 59; Kings County; New York,Brooklyn,578,247,142,42.7,24.6
1400000US36047026100,Census Tract 261; Kings County; New York,Brooklyn,2400,935,591,39.0,24.6
1400000US36047026500,Census Tract 265; Kings County; New York,Brooklyn,1594,804,393,50.4,24.7
1400000US36047100600,Census Tract 1006; Kings County; New York,Brooklyn,291,142,72,48.8,24.7
1400000US36047035500,Census Tract 355; Kings County; New York,Brooklyn,1889,859,467,45.5,24.7
1400000US36047017900,Census Tract 179; Kings County; New York,Brooklyn,1015,430,252,42.4,24.8
1400000US36047022600,Census Tract 226; Kings County; New York,Brooklyn,307,182,76,59.3,24.8
1400000US36047048100,Census Tract 481; Kings County; New York,Brooklyn,1146,535,285,46.7,24.9
1400000US36047018400,Census Tract 184; Kings County; New York,Brooklyn,168,84,42,50.0,25.0
1400000US36047006600,Census Tract 66; Kings County; New York,Brooklyn,1287,463,322,36.0,25.0
1400000US36047030000,Census Tract 300; Kings County; New York,Brooklyn,1011,455,253,45.0,25.0
1400000US36047024300,Census Tract 243; Kings County; New York,Brooklyn,1220,451,306,37.0,25.1
1400000US36047000100,Census Tract 1; Kings County; New York,Brooklyn,843,280,212,33.2,25.1
1400000US36047027100,Census Tract 271; Kings County; New York,Brooklyn,1412,671,356,47.5,25.2
1400000US36047030300,Census Tract 303; Kings County; New York,Brooklyn,1795,885,452,49.3,25.2
1400000US36047115600,Census Tract 1156; Kings County; New York,Brooklyn,1591,655,402,41.2,25.3
1400000US36047067600,Census Tract 676; Kings County; New York,Brooklyn,194,72,49,37.1,25.3
1400000US36047054700,Census Tract 547; Kings County; New York,Brooklyn,2525,1292,640,51.2,25.3
1400000US36047050600,Census Tract 506; Kings County; New York,Brooklyn,1603,1023,407,63.8,25.4
1400000US36047031300,Census Tract 313; Kings County; New York,Brooklyn,1949,637,495,32.7,25.4
1400000US36047039700,Census Tract 397; Kings County; New York,Brooklyn,1491,937,379,62.8,25.4
1400000US36047009402,Census Tract 94.02; Kings County; New York,Brooklyn,685,286,174,41.8,25.4
1400000US36047025000,Census Tract 250; Kings County; New York,Brooklyn,244,135,62,55.3,25.4
1400000US36047028400,Census Tract 284; Kings County; New York,Brooklyn,1255,664,320,52.9,25.5
1400000US36047026200,Census Tract 262; Kings County; New York,Brooklyn,368,144,94,39.1,25.5
1400000US36047086000,Census Tract 860; Kings County; New York,Brooklyn,740,443,189,59.9,25.5
1400000US36047019100,Census Tract 191; Kings County; New York,Brooklyn,890,396,227,44.5,25.5
1400000US36047118800,Census Tract 1188; Kings County; New York,Brooklyn,843,431,215,51.1,25.5
1400000US36047117400,Census Tract 1174; Kings County; New York,Brooklyn,1050,398,269,37.9,25.6
1400000US36047101200,Census Tract 1012; Kings County; New York,Brooklyn,253,122,65,48.2,25.7
1400000US36047056500,Census Tract 565; Kings County; New York,Brooklyn,1592,734,410,46.1,25.8
1400000US36047026300,Census Tract 263; Kings County; New York,Brooklyn,651,305,168,46.9,25.8
1400000US36047026900,Census Tract 269; Kings County; New York,Brooklyn,996,619,257,62.1,25.8
1400000US36047085600,Census Tract 856; Kings County; New York,Brooklyn,831,479,214,57.6,25.8
1400000US36047076600,Census Tract 766; Kings County; New York,Brooklyn,626,247,162,39.5,25.9
1400000US36047041800,Census Tract 418; Kings County; New York,Brooklyn,635,279,165,43.9,26.0
1400000US36047021100,Census Tract 211; Kings County; New York,Brooklyn,996,332,259,33.3,26.0
1400000US36047043700,Census Tract 437; Kings County; New York,Brooklyn,1678,826,437,49.2,26.0
1400000US36047009002,Census Tract 90.02; Kings County; New York,Brooklyn,350,161,91,46.0,26.0
1400000US36047030100,Census Tract 301; Kings County; New York,Brooklyn,759,416,197,54.8,26.0
1400000US36047039300,Census Tract 393; Kings County; New York,Brooklyn,1379,552,358,40.0,26.0
1400000US36047120801,Census Tract 1208.01; Kings County; New York,Brooklyn,829,320,216,38.6,26.1
1400000US36047025902,Census Tract 259.02; Kings County; New York,Brooklyn,1316,663,344,50.4,26.1
1400000US36047079801,Census Tract 798.01; Kings County; New York,Brooklyn,1032,635,269,61.5,26.1
1400000US36047006400,Census Tract 64; Kings County; New York,Brooklyn,1057,380,277,36.0,26.2
1400000US36047117602,Census Tract 1176.02; Kings County; New York,Brooklyn,596,175,156,29.4,26.2
1400000US36047044300,Census Tract 443; Kings County; New York,Brooklyn,1696,840,444,49.5,26.2
1400000US36047018200,Census Tract 182; Kings County; New York,Brooklyn,557,284,146,51.0,26.2
1400000US36047034200,Census Tract 342; Kings County; New York,Brooklyn,2786,1594,733,57.2,26.3
1400000US36047051400,Census Tract 514; Kings County; New York,Brooklyn,2208,840,580,38.0,26.3
1400000US36047029800,Census Tract 298; Kings County; New York,Brooklyn,815,431,215,52.9,26.4
1400000US36047026000,Census Tract 260; Kings County; New York,Brooklyn,627,352,166,56.1,26.5
1400000US36047039100,Census Tract 391; Kings County; New York,Brooklyn,2488,1094,662,44.0,26.6
1400000US36047029000,Census Tract 290; Kings County; New York,Brooklyn,1209,623,321,51.5,26.6
1400000US36047052800,Census Tract 528; Kings County; New York,Brooklyn,248,89,66,35.9,26.6
1400000US36047038100,Census Tract 381; Kings County; New York,Brooklyn,2038,897,543,44.0,26.6
1400000US36047024700,Census Tract 247; Kings County; New York,Brooklyn,1247,635,332,50.9,26.6
1400000US36047002000,Census Tract 20; Kings County; New York,Brooklyn,278,132,74,47.5,26.6
1400000US36047037700,Census Tract 377; Kings County; New York,Brooklyn,1214,747,324,61.5,26.7
1400000US36047011600,Census Tract 116; Kings County; New York,Brooklyn,792,538,212,67.9,26.8
1400000US36047112200,Census Tract 1122; Kings County; New York,Brooklyn,1188,549,319,46.2,26.9
1400000US36047017600,Census Tract 176; Kings County; New York,Brooklyn,446,209,120,46.9,26.9
1400000US36047072800,Census Tract 728; Kings County; New York,Brooklyn,182,60,49,33.0,26.9
1400000US36047037900,Census Tract 379; Kings County; New York,Brooklyn,1141,647,307,56.7,26.9
1400000US36047056302,Census Tract 563.02; Kings County; New York,Brooklyn,1416,718,383,50.7,27.0
1400000US36047115800,Census Tract 1158; Kings County; New York,Brooklyn,496,178,134,35.9,27.0
1400000US36047030700,Census Tract 307; Kings County; New York,Brooklyn,2364,1465,639,62.0,27.0
1400000US36047068000,Census Tract 680; Kings County; New York,Brooklyn,70,57,19,81.4,27.1
1400000US36047060800,Census Tract 608; Kings County; New York,Brooklyn,1233,598,334,48.5,27.1
1400000US36047036100,Census Tract 361; Kings County; New York,Brooklyn,1157,414,315,35.8,27.2
1400000US36047009401,Census Tract 94.01; Kings County; New York,Brooklyn,338,216,92,63.9,27.2
1400000US36047034300,Census Tract 343; Kings County; New York,Brooklyn,1681,1106,458,65.8,27.2
1400000US36047005000,Census Tract 50; Kings County; New York,Brooklyn,486,178,132,36.6,27.2
1400000US36047053400,Census Tract 534; Kings County; New York,Brooklyn,1032,503,281,48.7,27.2
1400000US36047042100,Census Tract 421; Kings County; New York,Brooklyn,1481,640,405,43.2,27.3
1400000US36047017100,Census Tract 171; Kings County; New York,Brooklyn,857,303,234,35.4,27.3
1400000US36047042300,Census Tract 423; Kings County; New York,Brooklyn,1358,569,371,41.9,27.3
1400000US36047041600,Census Tract 416; Kings County; New York,Brooklyn,479,246,131,51.4,27.3
1400000US36047022100,Census Tract 221; Kings County; New York,Brooklyn,1351,644,372,47.7,27.5
1400000US36047044500,Census Tract 445; Kings County; New York,Brooklyn,1416,775,389,54.7,27.5
1400000US36047036200,Census Tract 362; Kings County; New York,Brooklyn,1072,671,296,62.6,27.6
1400000US36047033600,Census Tract 336; Kings County; New York,Brooklyn,754,352,208,46.7,27.6
1400000US36047049700,Census Tract 497; Kings County; New York,Brooklyn,1260,498,349,39.5,27.7
1400000US36047001501,Census Tract 15.01; Kings County; New York,Brooklyn,1790,857,496,47.9,27.7
1400000US36047021400,Census Tract 214; Kings County; New York,Brooklyn,376,161,104,42.8,27.7
1400000US36047033000,Census Tract 330; Kings County; New York,Brooklyn,1858,970,514,52.2,27.7
1400000US36047061003,Census Tract 610.03; Kings County; New York,Brooklyn,410,219,114,53.4,27.8
1400000US36047074200,Census Tract 742; Kings County; New York,Brooklyn,536,253,149,47.2,27.8
1400000US36047017800,Census Tract 178; Kings County; New York,Brooklyn,547,233,152,42.6,27.8
1400000US36047006200,Census Tract 62; Kings County; New York,Brooklyn,784,366,218,46.7,27.8
1400000US36047038600,Census Tract 386; Kings County; New York,Brooklyn,662,327,185,49.4,27.9
1400000US36047016000,Census Tract 160; Kings County; New York,Brooklyn,1444,647,403,44.8,27.9
1400000US36047037100,Census Tract 371; Kings County; New York,Brooklyn,1195,608,334,50.9,27.9
1400000US36047042400,Census Tract 424; Kings County; New York,Brooklyn,935,463,262,49.5,28.0
1400000US36047028900,Census Tract 289; Kings County; New York,Brooklyn,1381,740,387,53.6,28.0
1400000US36047009201,Census Tract 92.01; Kings County; New York,Brooklyn,343,125,96,36.4,28.0
1400000US36047055800,Census Tract 558; Kings County; New York,Brooklyn,609,287,171,47.1,28.1
1400000US36047016600,Census Tract 166; Kings County; New York,Brooklyn,64,25,18,39.1,28.1
1400000US36047052700,Census Tract 527; Kings County; New York,Brooklyn,2300,1173,646,51.0,28.1
1400000US36047079001,Census Tract 790.01; Kings County; New York,Brooklyn,398,222,112,55.8,28.1
1400000US36047006800,Census Tract 68; Kings County; New York,Brooklyn,1325,540,373,40.8,28.2
1400000US36047093800,Census Tract 938; Kings County; New York,Brooklyn,562,356,159,63.3,28.3
1400000US36047052000,Census Tract 520; Kings County; New York,Brooklyn,863,377,244,43.7,28.3
1400000US36047048200,Census Tract 482; Kings County; New York,Brooklyn,1423,791,402,55.6,28.3
1400000US36047050402,Census Tract 504.02; Kings County; New York,Brooklyn,320,106,91,33.1,28.4
1400000US36047093400,Census Tract 934; Kings County; New York,Brooklyn,450,266,128,59.1,28.4
1400000US36047010602,Census Tract 106.02; Kings County; New York,Brooklyn,427,215,122,50.4,28.6
1400000US36047028000,Census Tract 280; Kings County; New York,Brooklyn,296,112,85,37.8,28.7
1400000US36047116400,Census Tract 1164; Kings County; New York,Brooklyn,689,311,198,45.1,28.7
1400000US36047050803,Census Tract 508.03; Kings County; New York,Brooklyn,1052,558,302,53.0,28.7
1400000US36047070201,Census Tract 702.01; Kings County; New York,Brooklyn,528,167,152,31.6,28.8
1400000US36047039500,Census Tract 395; Kings County; New York,Brooklyn,1589,903,458,56.8,28.8
1400000US36047059403,Census Tract 594.03; Kings County; New York,Brooklyn,543,268,157,49.4,28.9
1400000US36047014200,Census Tract 142; Kings County; New York,Brooklyn,1018,526,294,51.7,28.9
1400000US36047025200,Census Tract 252; Kings County; New York,Brooklyn,1231,694,356,56.4,28.9
1400000US36047095400,Census Tract 954; Kings County; New York,Brooklyn,735,312,213,42.4,29.0
1400000US36047014101,Census Tract 141.01; Kings County; New York,Brooklyn,293,119,85,40.6,29.0
1400000US36047091000,Census Tract 910; Kings County; New York,Brooklyn,2597,1798,755,69.2,29.1
1400000US36047021800,Census Tract 218; Kings County; New York,Brooklyn,642,355,187,55.3,29.1
1400000US36047040000,Census Tract 400; Kings County; New York,Brooklyn,558,267,163,47.8,29.2
1400000US36047033701,Census Tract 337.01; Kings County; New York,Brooklyn,750,400,219,53.3,29.2
1400000US36047022800,Census Tract 228; Kings County; New York,Brooklyn,431,248,126,57.5,29.2
1400000US36047080000,Census Tract 800; Kings County; New York,Brooklyn,824,462,241,56.1,29.2
1400000US36047052500,Census Tract 525; Kings County; New York,Brooklyn,1297,640,379,49.3,29.2
1400000US36047112800,Census Tract 1128; Kings County; New York,Brooklyn,1131,729,331,64.5,29.3
1400000US36047043300,Census Tract 433; Kings County; New York,Brooklyn,1284,643,376,50.1,29.3
1400000US36047111000,Census Tract 1110; Kings County; New York,Brooklyn,1416,629,416,44.4,29.4
1400000US36047065000,Census Tract 650; Kings County; New York,Brooklyn,160,55,47,34.4,29.4
1400000US36047084000,Census Tract 840; Kings County; New York,Brooklyn,330,199,97,60.3,29.4
1400000US36047032100,Census Tract 321; Kings County; New York,Brooklyn,1841,760,545,41.3,29.6
1400000US36047150200,Census Tract 1502; Kings County; New York,Brooklyn,453,237,134,52.3,29.6
1400000US36047090600,Census Tract 906; Kings County; New York,Brooklyn,1836,1059,543,57.7,29.6
1400000US36047034000,Census Tract 340; Kings County; New York,Brooklyn,679,309,201,45.5,29.6
1400000US36047119400,Census Tract 1194; Kings County; New York,Brooklyn,1189,558,353,46.9,29.7
1400000US36047077600,Census Tract 776; Kings County; New York,Brooklyn,660,347,196,52.6,29.7
1400000US36047052300,Census Tract 523; Kings County; New York,Brooklyn,1975,895,586,45.3,29.7
1400000US36047023300,Census Tract 233; Kings County; New York,Brooklyn,1738,658,518,37.9,29.8
1400000US36047097400,Census Tract 974; Kings County; New York,Brooklyn,312,126,93,40.4,29.8
1400000US36047065800,Census Tract 658; Kings County; New York,Brooklyn,121,68,36,56.2,29.8
1400000US36047078200,Census Tract 782; Kings County; New York,Brooklyn,1187,598,354,50.4,29.8
1400000US36047086600,Census Tract 866; Kings County; New York,Brooklyn,932,497,278,53.3,29.8
1400000US36047079602,Census Tract 796.02; Kings County; New York,Brooklyn,1739,951,519,54.7,29.8
1400000US36047039900,Census Tract 399; Kings County; New York,Brooklyn,1328,646,397,48.6,29.9
1400000US36047038300,Census Tract 383; Kings County; New York,Brooklyn,1400,636,418,45.4,29.9
1400000US36047080400,Census Tract 804; Kings County; New York,Brooklyn,1080,510,323,47.2,29.9
1400000US36047059200,Census Tract 592; Kings County; New York,Brooklyn,864,420,258,48.6,29.9
1400000US36047050001,Census Tract 500.01; Kings County; New York,Brooklyn,383,217,115,56.7,30.0
1400000US36047024800,Census Tract 248; Kings County; New York,Brooklyn,420,245,127,58.3,30.2
1400000US36047027000,Census Tract 270; Kings County; New York,Brooklyn,630,297,190,47.1,30.2
1400000US36047029600,Census Tract 296; Kings County; New York,Brooklyn,1472,826,447,56.1,30.4
1400000US36047058400,Census Tract 584; Kings County; New York,Brooklyn,884,547,269,61.9,30.4
1400000US36047020800,Census Tract 208; Kings County; New York,Brooklyn,553,279,168,50.5,30.4
1400000US36047046202,Census Tract 462.02; Kings County; New York,Brooklyn,194,139,59,71.6,30.4
1400000US36047033900,Census Tract 339; Kings County; New York,Brooklyn,1412,767,431,54.3,30.5
1400000US36047008000,Census Tract 80; Kings County; New York,Brooklyn,1035,544,318,52.6,30.7
1400000US36047086800,Census Tract 868; Kings County; New York,Brooklyn,1079,603,331,55.9,30.7
1400000US36047024500,Census Tract 245; Kings County; New York,Brooklyn,1358,615,418,45.3,30.8
1400000US36047066200,Census Tract 662; Kings County; New York,Brooklyn,123,92,38,74.8,30.9
1400000US36047035900,Census Tract 359; Kings County; New York,Brooklyn,2143,910,662,42.5,30.9
1400000US36047019800,Census Tract 198; Kings County; New York,Brooklyn,230,131,71,57.0,30.9
1400000US36047062200,Census Tract 622; Kings County; New York,Brooklyn,686,377,212,55.0,30.9
1400000US36047049100,Census Tract 491; Kings County; New York,Brooklyn,2166,1241,669,57.3,30.9
1400000US36047049000,Census Tract 490; Kings County; New York,Brooklyn,1605,865,498,53.9,31.0
1400000US36047051002,Census Tract 510.02; Kings County; New York,Brooklyn,1513,798,472,52.7,31.2
1400000US36047040100,Census Tract 401; Kings County; New York,Brooklyn,1113,733,347,65.9,31.2
1400000US36047035101,Census Tract 351.01; Kings County; New York,Brooklyn,756,551,236,72.9,31.2
1400000US36047060600,Census Tract 606; Kings County; New York,Brooklyn,687,436,215,63.5,31.3
1400000US36047031900,Census Tract 319; Kings County; New York,Brooklyn,966,428,302,44.3,31.3
1400000US36047069601,Census Tract 696.01; Kings County; New York,Brooklyn,755,491,236,65.0,31.3
1400000US36047051001,Census Tract 510.01; Kings County; New York,Brooklyn,1580,876,495,55.4,31.3
1400000US36047005800,Census Tract 58; Kings County; New York,Brooklyn,1123,647,352,57.6,31.3
1400000US36047114400,Census Tract 1144; Kings County; New York,Brooklyn,606,314,190,51.8,31.4
1400000US36047073200,Census Tract 732; Kings County; New York,Brooklyn,235,109,74,46.4,31.5
1400000US36047047000,Census Tract 470; Kings County; New York,Brooklyn,263,158,83,60.1,31.6
1400000US36047119800,Census Tract 1198; Kings County; New York,Brooklyn,760,304,240,40.0,31.6
1400000US36047028600,Census Tract 286; Kings County; New York,Brooklyn,1598,1069,507,66.9,31.7
1400000US36047003500,Census Tract 35; Kings County; New York,Brooklyn,980,476,311,48.6,31.7
1400000US36047009600,Census Tract 96; Kings County; New York,Brooklyn,1233,727,391,59.0,31.7
1400000US36047036900,Census Tract 369; Kings County; New York,Brooklyn,2057,940,653,45.7,31.7
1400000US36047098200,Census Tract 982; Kings County; New York,Brooklyn,1608,787,512,48.9,31.8
1400000US36047010401,Census Tract 104.01; Kings County; New York,Brooklyn,515,252,164,48.9,31.8
1400000US36047082000,Census Tract 820; Kings County; New York,Brooklyn,2256,1359,718,60.2,31.8
1400000US36047032300,Census Tract 323; Kings County; New York,Brooklyn,1340,607,428,45.3,31.9
1400000US36047036600,Census Tract 366; Kings County; New York,Brooklyn,1073,626,342,58.3,31.9
1400000US36047045400,Census Tract 454; Kings County; New York,Brooklyn,312,140,100,44.9,32.1
1400000US36047044100,Census Tract 441; Kings County; New York,Brooklyn,1752,840,563,47.9,32.1
1400000US36047033100,Census Tract 331; Kings County; New York,Brooklyn,1431,698,459,48.8,32.1
1400000US36047024400,Census Tract 244; Kings County; New York,Brooklyn,672,374,218,55.7,32.4
1400000US36047043200,Census Tract 432; Kings County; New York,Brooklyn,944,511,307,54.1,32.5
1400000US36047053800,Census Tract 538; Kings County; New York,Brooklyn,2071,1176,677,56.8,32.7
1400000US36047041900,Census Tract 419; Kings County; New York,Brooklyn,1058,584,347,55.2,32.8
1400000US36047054400,Census Tract 544; Kings County; New York,Brooklyn,950,483,312,50.8,32.8
1400000US36047025100,Census Tract 251; Kings County; New York,Brooklyn,1512,746,496,49.3,32.8
1400000US36047113000,Census Tract 1130; Kings County; New York,Brooklyn,1287,791,423,61.5,32.9
1400000US36047023500,Census Tract 235; Kings County; New York,Brooklyn,1180,616,388,52.2,32.9
1400000US36047009202,Census Tract 92.02; Kings County; New York,Brooklyn,899,555,296,61.7,32.9
1400000US36047120803,Census Tract 1208.03; Kings County; New York,Brooklyn,400,132,132,33.0,33.0
1400000US36047054600,Census Tract 546; Kings County; New York,Brooklyn,1551,843,512,54.4,33.0
1400000US36047088800,Census Tract 888; Kings County; New York,Brooklyn,1098,673,364,61.3,33.2
1400000US36047044400,Census Tract 444; Kings County; New York,Brooklyn,711,374,236,52.6,33.2
1400000US36047007200,Census Tract 72; Kings County; New York,Brooklyn,524,323,174,61.6,33.2
1400000US36047040600,Census Tract 406; Kings County; New York,Brooklyn,705,336,235,47.7,33.3
1400000US36047035302,Census Tract 353.02; Kings County; New York,Brooklyn,738,359,246,48.6,33.3
1400000US36047079601,Census Tract 796.01; Kings County; New York,Brooklyn,1356,644,452,47.5,33.3
1400000US36047100400,Census Tract 1004; Kings County; New York,Brooklyn,323,169,108,52.3,33.4
1400000US36047030400,Census Tract 304; Kings County; New York,Brooklyn,802,423,268,52.7,33.4
1400000US36047047200,Census Tract 472; Kings County; New York,Brooklyn,338,189,113,55.9,33.4
1400000US36047027700,Census Tract 277; Kings County; New York,Brooklyn,1418,686,475,48.4,33.5
1400000US36047009800,Census Tract 98; Kings County; New York,Brooklyn,1597,955,537,59.8,33.6
1400000US36047043400,Census Tract 434; Kings County; New York,Brooklyn,926,497,311,53.7,33.6
1400000US36047021300,Census Tract 213; Kings County; New York,Brooklyn,1850,877,622,47.4,33.6
1400000US36047062600,Census Tract 626; Kings County; New York,Brooklyn,456,237,153,52.0,33.6
1400000US36047060000,Census Tract 600; Kings County; New York,Brooklyn,1399,617,472,44.1,33.7
1400000US36047019600,Census Tract 196; Kings County; New York,Brooklyn,835,482,281,57.7,33.7
1400000US36047113200,Census Tract 1132; Kings County; New York,Brooklyn,777,366,262,47.1,33.7
1400000US36047080600,Census Tract 806; Kings County; New York,Brooklyn,1049,640,354,61.0,33.7
1400000US36047030900,Census Tract 309; Kings County; New York,Brooklyn,797,428,269,53.7,33.8
1400000US36047091600,Census Tract 916; Kings County; New York,Brooklyn,1595,768,541,48.2,33.9
1400000US36047082800,Census Tract 828; Kings County; New York,Brooklyn,1122,624,382,55.6,34.0
1400000US36047112600,Census Tract 1126; Kings County; New York,Brooklyn,1302,546,443,41.9,34.0
1400000US36047029200,Census Tract 292; Kings County; New York,Brooklyn,703,445,239,63.3,34.0
1400000US36047042600,Census Tract 426; Kings County; New York,Brooklyn,1006,634,344,63.0,34.2
1400000US36047033702,Census Tract 337.02; Kings County; New York,Brooklyn,371,162,127,43.7,34.2
1400000US36047093600,Census Tract 936; Kings County; New York,Brooklyn,268,141,92,52.6,34.3
1400000US36047116000,Census Tract 1160; Kings County; New York,Brooklyn,616,287,211,46.6,34.3
1400000US36047112000,Census Tract 1120; Kings County; New York,Brooklyn,783,389,269,49.7,34.4
1400000US36047010802,Census Tract 108.02; Kings County; New York,Brooklyn,553,248,190,44.8,34.4
1400000US36047037401,Census Tract 374.01; Kings County; New York,Brooklyn,1210,685,418,56.6,34.5
1400000US36047063800,Census Tract 638; Kings County; New York,Brooklyn,249,143,86,57.4,34.5
1400000US36047051601,Census Tract 516.01; Kings County; New York,Brooklyn,1749,863,603,49.3,34.5
1400000US36047087800,Census Tract 878; Kings County; New York,Brooklyn,821,485,283,59.1,34.5
1400000US36047083000,Census Tract 830; Kings County; New York,Brooklyn,1689,786,585,46.5,34.6
1400000US36047101400,Census Tract 1014; Kings County; New York,Brooklyn,315,196,109,62.2,34.6
1400000US36047062000,Census Tract 620; Kings County; New York,Brooklyn,167,113,58,67.7,34.7
1400000US36047045300,Census Tract 453; Kings County; New York,Brooklyn,683,348,237,51.0,34.7
1400000US36047013000,Census Tract 130; Kings County; New York,Brooklyn,1264,689,439,54.5,34.7
1400000US36047008200,Census Tract 82; Kings County; New York,Brooklyn,1200,708,418,59.0,34.8
1400000US36047111800,Census Tract 1118; Kings County; New York,Brooklyn,873,641,304,73.4,34.8
1400000US36047034901,Census Tract 349.01; Kings County; New York,Brooklyn,796,333,277,41.8,34.8
1400000US36047046000,Census Tract 460; Kings County; New York,Brooklyn,712,428,248,60.1,34.8
1400000US36047069800,Census Tract 698; Kings County; New York,Brooklyn,86,30,30,34.9,34.9
1400000US36047034700,Census Tract 347; Kings County; New York,Brooklyn,1451,788,507,54.3,34.9
1400000US36047118600,Census Tract 1186; Kings County; New York,Brooklyn,473,300,165,63.4,34.9
1400000US36047012600,Census Tract 126; Kings County; New York,Brooklyn,613,331,214,54.0,34.9
1400000US36047036502,Census Tract 365.02; Kings County; New York,Brooklyn,665,424,233,63.8,35.0
1400000US36047027400,Census Tract 274; Kings County; New York,Brooklyn,599,356,210,59.4,35.1
1400000US36047070000,Census Tract 700; Kings County; New York,Brooklyn,333,181,117,54.4,35.1
1400000US36047038700,Census Tract 387; Kings County; New York,Brooklyn,1110,594,390,53.5,35.1
1400000US36047080200,Census Tract 802; Kings County; New York,Brooklyn,1277,603,448,47.2,35.1
1400000US36047025901,Census Tract 259.01; Kings County; New York,Brooklyn,724,451,255,62.3,35.2
1400000US36047022400,Census Tract 224; Kings County; New York,Brooklyn,726,441,256,60.7,35.3
1400000US36047028100,Census Tract 281; Kings County; New York,Brooklyn,1773,1024,627,57.8,35.4
1400000US36047045800,Census Tract 458; Kings County; New York,Brooklyn,147,87,52,59.2,35.4
1400000US36047048000,Census Tract 480; Kings County; New York,Brooklyn,826,599,293,72.5,35.5
1400000US36047101600,Census Tract 1016; Kings County; New York,Brooklyn,76,27,27,35.5,35.5
1400000US36047049400,Census Tract 494; Kings County; New York,Brooklyn,1515,637,541,42.0,35.7
1400000US36047086200,Census Tract 862; Kings County; New York,Brooklyn,883,567,315,64.2,35.7
1400000US36047078602,Census Tract 786.02; Kings County; New York,Brooklyn,493,331,176,67.1,35.7
1400000US36047041700,Census Tract 417; Kings County; New York,Brooklyn,1234,673,442,54.5,35.8
1400000US36047079202,Census Tract 792.02; Kings County; New York,Brooklyn,516,267,185,51.7,35.9
1400000US36047117000,Census Tract 1170; Kings County; New York,Brooklyn,624,232,226,37.2,36.2
1400000US36047114201,Census Tract 1142.01; Kings County; New York,Brooklyn,284,133,103,46.8,36.3
1400000US36047089200,Census Tract 892; Kings County; New York,Brooklyn,1395,817,506,58.6,36.3
1400000US36047083200,Census Tract 832; Kings County; New York,Brooklyn,336,223,122,66.4,36.3
1400000US36047013200,Census Tract 132; Kings County; New York,Brooklyn,390,165,142,42.3,36.4
1400000US36047065600,Census Tract 656; Kings County; New York,Brooklyn,33,24,12,72.7,36.4
1400000US36047087200,Census Tract 872; Kings County; New York,Brooklyn,534,326,195,61.0,36.5
1400000US36047028501,Census Tract 285.01; Kings County; New York,Brooklyn,315,185,115,58.7,36.5
1400000US36047067800,Census Tract 678; Kings County; New York,Brooklyn,426,200,156,46.9,36.6
1400000US36047059402,Census Tract 594.02; Kings County; New York,Brooklyn,801,485,294,60.5,36.7
1400000US36047114202,Census Tract 1142.02; Kings County; New York,Brooklyn,787,428,290,54.4,36.8
1400000US36047112400,Census Tract 1124; Kings County; New York,Brooklyn,1035,581,382,56.1,36.9
1400000US36047064200,Census Tract 642; Kings County; New York,Brooklyn,586,347,217,59.2,37.0
1400000US36047102600,Census Tract 1026; Kings County; New York,Brooklyn,389,273,144,70.2,37.0
1400000US36047040900,Census Tract 409; Kings County; New York,Brooklyn,1135,668,421,58.9,37.1
1400000US36047110400,Census Tract 1104; Kings County; New York,Brooklyn,1089,607,405,55.7,37.2
1400000US36047114600,Census Tract 1146; Kings County; New York,Brooklyn,572,315,213,55.1,37.2
1400000US36047059600,Census Tract 596; Kings County; New York,Brooklyn,413,219,154,53.0,37.3
1400000US36047017400,Census Tract 174; Kings County; New York,Brooklyn,244,120,91,49.2,37.3
1400000US36047010200,Census Tract 102; Kings County; New York,Brooklyn,946,519,354,54.9,37.4
1400000US36047107001,Census Tract 1070.01; Kings County; New York,Brooklyn,1413,910,528,64.4,37.4
1400000US36047002200,Census Tract 22; Kings County; New York,Brooklyn,1012,655,378,64.7,37.4
1400000US36047046400,Census Tract 464; Kings County; New York,Brooklyn,315,154,118,48.9,37.5
1400000US36047000200,Census Tract 2; Kings County; New York,Brooklyn,259,174,97,67.2,37.5
1400000US36047042900,Census Tract 429; Kings County; New York,Brooklyn,1883,1321,708,70.2,37.6
1400000US36047088200,Census Tract 882; Kings County; New York,Brooklyn,2227,1379,840,61.9,37.7
1400000US36047084600,Census Tract 846; Kings County; New York,Brooklyn,252,140,95,55.6,37.7
1400000US36047038200,Census Tract 382; Kings County; New York,Brooklyn,1822,1111,686,61.0,37.7
1400000US36047094401,Census Tract 944.01; Kings County; New York,Brooklyn,492,278,186,56.5,37.8
1400000US36047053900,Census Tract 539; Kings County; New York,Brooklyn,740,473,280,63.9,37.8
1400000US36047038800,Census Tract 388; Kings County; New York,Brooklyn,903,521,341,57.7,37.8
1400000US36047035400,Census Tract 354; Kings County; New York,Brooklyn,1452,721,549,49.7,37.8
1400000US36047117201,Census Tract 1172.01; Kings County; New York,Brooklyn,316,164,120,51.9,38.0
1400000US36047015200,Census Tract 152; Kings County; New York,Brooklyn,403,217,153,53.8,38.0
1400000US36047012200,Census Tract 122; Kings County; New York,Brooklyn,1065,621,405,58.3,38.0
1400000US36047053000,Census Tract 530; Kings County; New York,Brooklyn,824,385,314,46.7,38.1
1400000US36047037402,Census Tract 374.02; Kings County; New York,Brooklyn,1824,1108,695,60.7,38.1
1400000US36047027600,Census Tract 276; Kings County; New York,Brooklyn,956,552,366,57.7,38.3
1400000US36047055400,Census Tract 554; Kings County; New York,Brooklyn,1469,896,565,61.0,38.5
1400000US36047041100,Census Tract 411; Kings County; New York,Brooklyn,793,613,306,77.3,38.6
1400000US36047099800,Census Tract 998; Kings County; New York,Brooklyn,783,399,303,51.0,38.7
1400000US36047019300,Census Tract 193; Kings County; New York,Brooklyn,1304,715,505,54.8,38.7
1400000US36047045200,Census Tract 452; Kings County; New York,Brooklyn,482,303,187,62.9,38.8
1400000US36047055000,Census Tract 550; Kings County; New York,Brooklyn,1086,584,421,53.8,38.8
1400000US36047102400,Census Tract 1024; Kings County; New York,Brooklyn,167,115,65,68.9,38.9
1400000US36047057800,Census Tract 578; Kings County; New York,Brooklyn,803,481,312,59.9,38.9
1400000US36047044200,Census Tract 442; Kings County; New York,Brooklyn,440,271,171,61.6,38.9
1400000US36047054800,Census Tract 548; Kings County; New York,Brooklyn,455,222,177,48.8,38.9
1400000US36047100800,Census Tract 1008; Kings County; New York,Brooklyn,281,142,110,50.5,39.1
1400000US36047076200,Census Tract 762; Kings County; New York,Brooklyn,1299,692,508,53.3,39.1
1400000US36047013600,Census Tract 136; Kings County; New York,Brooklyn,943,542,370,57.5,39.2
1400000US36047039000,Census Tract 390; Kings County; New York,Brooklyn,301,187,119,62.1,39.5
1400000US36047063200,Census Tract 632; Kings County; New York,Brooklyn,162,107,64,66.0,39.5
1400000US36047043800,Census Tract 438; Kings County; New York,Brooklyn,721,425,285,58.9,39.5
1400000US36047033500,Census Tract 335; Kings County; New York,Brooklyn,453,260,179,57.4,39.5
1400000US36047032900,Census Tract 329; Kings County; New York,Brooklyn,1538,827,609,53.8,39.6
1400000US36047029700,Census Tract 297; Kings County; New York,Brooklyn,1090,623,432,57.2,39.6
1400000US36047101000,Census Tract 1010; Kings County; New York,Brooklyn,388,232,154,59.8,39.7
1400000US36047034100,Census Tract 341; Kings County; New York,Brooklyn,1071,545,425,50.9,39.7
1400000US36047041000,Census Tract 410; Kings County; New York,Brooklyn,295,154,117,52.2,39.7
1400000US36047021000,Census Tract 210; Kings County; New York,Brooklyn,634,393,252,62.0,39.7
1400000US36047079201,Census Tract 792.01; Kings County; New York,Brooklyn,387,181,154,46.8,39.8
1400000US36047029500,Census Tract 295; Kings County; New York,Brooklyn,1132,628,451,55.5,39.8
1400000US36047118400,Census Tract 1184; Kings County; New York,Brooklyn,1192,715,474,60.0,39.8
1400000US36047007600,Census Tract 76; Kings County; New York,Brooklyn,986,627,392,63.6,39.8
1400000US36047087600,Census Tract 876; Kings County; New York,Brooklyn,401,281,160,70.1,39.9
1400000US36047120802,Census Tract 1208.02; Kings County; New York,Brooklyn,1723,984,688,57.1,39.9
1400000US36047010000,Census Tract 100; Kings County; New York,Brooklyn,1370,891,547,65.0,39.9
1400000US36047088600,Census Tract 886; Kings County; New York,Brooklyn,1790,911,717,50.9,40.1
1400000US36047109800,Census Tract 1098; Kings County; New York,Brooklyn,526,345,211,65.6,40.1
1400000US36047026600,Census Tract 266; Kings County; New York,Brooklyn,868,547,349,63.0,40.2
1400000US36047056800,Census Tract 568; Kings County; New York,Brooklyn,129,89,52,69.0,40.3
1400000US36047047800,Census Tract 478; Kings County; New York,Brooklyn,814,543,328,66.7,40.3
1400000US36047080800,Census Tract 808; Kings County; New York,Brooklyn,743,386,300,52.0,40.4
1400000US36047036001,Census Tract 360.01; Kings County; New York,Brooklyn,1524,1032,617,67.7,40.5
1400000US36047027200,Census Tract 272; Kings County; New York,Brooklyn,954,472,388,49.5,40.7
1400000US36047085800,Census Tract 858; Kings County; New York,Brooklyn,460,263,187,57.2,40.7
1400000US36047087000,Census Tract 870; Kings County; New York,Brooklyn,657,423,268,64.4,40.8
1400000US36047026400,Census Tract 264; Kings County; New York,Brooklyn,1119,721,457,64.4,40.8
1400000US36047025800,Census Tract 258; Kings County; New York,Brooklyn,1151,628,472,54.6,41.0
1400000US36047049600,Census Tract 496; Kings County; New York,Brooklyn,860,474,354,55.1,41.2
1400000US36047017200,Census Tract 172; Kings County; New York,Brooklyn,446,184,184,41.3,41.3
1400000US36047035701,Census Tract 357.01; Kings County; New York,Brooklyn,1076,659,445,61.2,41.4
1400000US36047034800,Census Tract 348; Kings County; New York,Brooklyn,866,548,359,63.3,41.5
1400000US36047035301,Census Tract 353.01; Kings County; New York,Brooklyn,1116,765,464,68.5,41.6
1400000US36047079002,Census Tract 790.02; Kings County; New York,Brooklyn,1150,719,478,62.5,41.6
1400000US36047022000,Census Tract 220; Kings County; New York,Brooklyn,1029,532,430,51.7,41.8
1400000US36047039400,Census Tract 394; Kings County; New York,Brooklyn,431,234,180,54.3,41.8
1400000US36047115000,Census Tract 1150; Kings County; New York,Brooklyn,616,323,259,52.4,42.0
1400000US36047061002,Census Tract 610.02; Kings County; New York,Brooklyn,1406,943,593,67.1,42.2
1400000US36047011800,Census Tract 118; Kings County; New York,Brooklyn,571,344,241,60.2,42.2
1400000US36047116600,Census Tract 1166; Kings County; New York,Brooklyn,939,577,397,61.4,42.3
1400000US36047083800,Census Tract 838; Kings County; New York,Brooklyn,167,96,71,57.5,42.5
1400000US36047014000,Census Tract 140; Kings County; New York,Brooklyn,353,179,150,50.7,42.5
1400000US36047049200,Census Tract 492; Kings County; New York,Brooklyn,779,344,331,44.2,42.5
1400000US36047102801,Census Tract 1028.01; Kings County; New York,Brooklyn,160,83,68,51.9,42.5
1400000US36047009001,Census Tract 90.01; Kings County; New York,Brooklyn,325,185,138,56.9,42.5
1400000US36047014800,Census Tract 148; Kings County; New York,Brooklyn,103,70,44,68.0,42.7
1400000US36047016400,Census Tract 164; Kings County; New York,Brooklyn,157,103,67,65.6,42.7
1400000US36047048800,Census Tract 488; Kings County; New York,Brooklyn,747,570,320,76.3,42.8
1400000US36047058000,Census Tract 580; Kings County; New York,Brooklyn,922,616,396,66.8,43.0
1400000US36047078802,Census Tract 788.02; Kings County; New York,Brooklyn,540,299,232,55.4,43.0
1400000US36047018000,Census Tract 180; Kings County; New York,Brooklyn,591,412,255,69.7,43.1
1400000US36047039200,Census Tract 392; Kings County; New York,Brooklyn,731,455,315,62.2,43.1
1400000US36047029100,Census Tract 291; Kings County; New York,Brooklyn,1002,634,433,63.3,43.2
1400000US36047003600,Census Tract 36; Kings County; New York,Brooklyn,1314,640,569,48.7,43.3
1400000US36047010601,Census Tract 106.01; Kings County; New York,Brooklyn,480,320,208,66.7,43.3
1400000US36047025600,Census Tract 256; Kings County; New York,Brooklyn,763,405,330,53.1,43.3
1400000US36047082400,Census Tract 824; Kings County; New York,Brooklyn,1729,1200,749,69.4,43.3
1400000US36047092000,Census Tract 920; Kings County; New York,Brooklyn,911,783,395,85.9,43.4
1400000US36047074600,Census Tract 746; Kings County; New York,Brooklyn,312,235,136,75.3,43.6
1400000US36047075000,Census Tract 750; Kings County; New York,Brooklyn,420,244,184,58.1,43.8
1400000US36047058600,Census Tract 586; Kings County; New York,Brooklyn,407,185,180,45.5,44.2
1400000US36047012000,Census Tract 120; Kings County; New York,Brooklyn,223,130,99,58.3,44.4
1400000US36047096200,Census Tract 962; Kings County; New York,Brooklyn,146,96,65,65.8,44.5
1400000US36047090000,Census Tract 900; Kings County; New York,Brooklyn,1577,843,701,53.5,44.5
1400000US36047077200,Census Tract 772; Kings County; New York,Brooklyn,699,433,312,61.9,44.6
1400000US36047053102,Census Tract 531.02; Kings County; New York,Brooklyn,923,582,412,63.1,44.6
1400000US36047061004,Census Tract 610.04; Kings County; New York,Brooklyn,2552,1560,1137,61.1,44.6
1400000US36047042200,Census Tract 422; Kings County; New York,Brooklyn,616,407,276,66.1,44.8
1400000US36047084800,Census Tract 848; Kings County; New York,Brooklyn,269,154,121,57.2,45.0
1400000US36047092400,Census Tract 924; Kings County; New York,Brooklyn,842,496,383,58.9,45.5
1400000US36047095600,Census Tract 956; Kings County; New York,Brooklyn,701,378,320,53.9,45.6
1400000US36047030800,Census Tract 308; Kings County; New York,Brooklyn,232,179,107,77.2,46.1
1400000US36047085400,Census Tract 854; Kings County; New York,Brooklyn,250,153,116,61.2,46.4
1400000US36047035602,Census Tract 356.02; Kings County; New York,Brooklyn,1906,1363,884,71.5,46.4
1400000US36047036002,Census Tract 360.02; Kings County; New York,Brooklyn,2054,1436,957,69.9,46.6
1400000US36047074800,Census Tract 748; Kings County; New York,Brooklyn,327,249,153,76.1,46.8
1400000US36047048600,Census Tract 486; Kings County; New York,Brooklyn,557,352,262,63.2,47.0
1400000US36047040200,Census Tract 402; Kings County; New York,Brooklyn,421,281,199,66.7,47.3
1400000US36047067400,Census Tract 674; Kings County; New York,Brooklyn,38,18,18,47.4,47.4
1400000US36047021600,Census Tract 216; Kings County; New York,Brooklyn,704,401,334,57.0,47.4
1400000US36047020600,Census Tract 206; Kings County; New York,Brooklyn,272,169,129,62.1,47.4
1400000US36047099200,Census Tract 992; Kings County; New York,Brooklyn,189,103,90,54.5,47.6
1400000US36047010402,Census Tract 104.02; Kings County; New York,Brooklyn,600,366,287,61.0,47.8
1400000US36047023800,Census Tract 238; Kings County; New York,Brooklyn,1017,620,487,61.0,47.9
1400000US36047010801,Census Tract 108.01; Kings County; New York,Brooklyn,406,283,195,69.7,48.0
1400000US36047117202,Census Tract 1172.02; Kings County; New York,Brooklyn,817,537,397,65.7,48.6
1400000US36047072200,Census Tract 722; Kings County; New York,Brooklyn,162,114,79,70.4,48.8
1400000US36047004600,Census Tract 46; Kings County; New York,Brooklyn,175,101,86,57.7,49.1
1400000US36047036700,Census Tract 367; Kings County; New York,Brooklyn,481,311,237,64.7,49.3
1400000US36047028200,Census Tract 282; Kings County; New York,Brooklyn,724,452,358,62.4,49.4
1400000US36047032800,Census Tract 328; Kings County; New York,Brooklyn,705,486,349,68.9,49.5
1400000US36047099000,Census Tract 990; Kings County; New York,Brooklyn,197,165,98,83.8,49.7
1400000US36047053300,Census Tract 533; Kings County; New York,Brooklyn,1227,737,611,60.1,49.8
1400000US36047046800,Census Tract 468; Kings County; New York,Brooklyn,302,205,151,67.9,50.0
1400000US36047095800,Census Tract 958; Kings County; New York,Brooklyn,480,281,241,58.5,50.2
1400000US36047078801,Census Tract 788.01; Kings County; New York,Brooklyn,510,379,258,74.3,50.6
1400000US36047050700,Census Tract 507; Kings County; New York,Brooklyn,621,388,315,62.5,50.7
1400000US36047086400,Census Tract 864; Kings County; New York,Brooklyn,409,285,208,69.7,50.9
1400000US36047024200,Census Tract 242; Kings County; New York,Brooklyn,439,284,224,64.7,51.0
1400000US36047041402,Census Tract 414.02; Kings County; New York,Brooklyn,567,399,291,70.4,51.3
1400000US36047039600,Census Tract 396; Kings County; New York,Brooklyn,322,210,166,65.2,51.6
1400000US36047075200,Census Tract 752; Kings County; New York,Brooklyn,29,15,15,51.7,51.7
1400000US36047022200,Census Tract 222; Kings County; New York,Brooklyn,858,610,444,71.1,51.7
1400000US36047023000,Census Tract 230; Kings County; New York,Brooklyn,789,512,408,64.9,51.7
1400000US36047024000,Census Tract 240; Kings County; New York,Brooklyn,1210,753,627,62.2,51.8
1400000US36047081400,Census Tract 814; Kings County; New York,Brooklyn,570,299,297,52.5,52.1
1400000US36047053700,Census Tract 537; Kings County; New York,Brooklyn,519,393,271,75.7,52.2
1400000US36047040800,Census Tract 408; Kings County; New York,Brooklyn,535,354,281,66.2,52.5
1400000US36047050900,Census Tract 509; Kings County; New York,Brooklyn,862,502,453,58.2,52.6
1400000US36047043500,Census Tract 435; Kings County; New York,Brooklyn,1395,969,739,69.5,53.0
1400000US36047120000,Census Tract 1200; Kings County; New York,Brooklyn,762,537,405,70.5,53.1
1400000US36047089400,Census Tract 894; Kings County; New York,Brooklyn,772,498,411,64.5,53.2
1400000US36047023400,Census Tract 234; Kings County; New York,Brooklyn,1163,864,628,74.3,54.0
1400000US36047035601,Census Tract 356.01; Kings County; New York,Brooklyn,989,768,534,77.7,54.0
1400000US36047088400,Census Tract 884; Kings County; New York,Brooklyn,1421,1016,773,71.5,54.4
1400000US36047019400,Census Tract 194; Kings County; New York,Brooklyn,784,500,428,63.8,54.6
1400000US36047067200,Census Tract 672; Kings County; New York,Brooklyn,62,58,34,93.5,54.8
1400000US36047069602,Census Tract 696.02; Kings County; New York,Brooklyn,361,262,198,72.6,54.8
1400000US36047023600,Census Tract 236; Kings County; New York,Brooklyn,1318,1003,740,76.1,56.1
1400000US36047053500,Census Tract 535; Kings County; New York,Brooklyn,800,602,459,75.3,57.4
1400000US36047052900,Census Tract 529; Kings County; New York,Brooklyn,1067,849,620,79.6,58.1
1400000US36047088002,Census Tract 880.02; Kings County; New York,Brooklyn,294,171,171,58.2,58.2
1400000US36047041401,Census Tract 414.01; Kings County; New York,Brooklyn,196,130,114,66.3,58.2
1400000US36047064400,Census Tract 644; Kings County; New York,Brooklyn,322,200,189,62.1,58.7
1400000US36047119000,Census Tract 1190; Kings County; New York,Brooklyn,548,426,329,77.7,60.0
1400000US36047015000,Census Tract 150; Kings County; New York,Brooklyn,192,174,119,90.6,62.0
1400000US36047057000,Census Tract 570; Kings County; New York,Brooklyn,79,49,49,62.0,62.0
1400000US36047101800,Census Tract 1018; Kings County; New York,Brooklyn,66,41,41,62.1,62.1
1400000US36047123700,Census Tract 1237; Kings County; New York,Brooklyn,1154,909,722,78.8,62.6
1400000US36047030600,Census Tract 306; Kings County; New York,Brooklyn,232,191,149,82.3,64.2
1400000US36047053101,Census Tract 531.01; Kings County; New York,Brooklyn,399,298,258,74.7,64.7
1400000US36047018800,Census Tract 188; Kings County; New York,Brooklyn,655,525,473,80.2,72.2
1400000US36061024000,Census Tract 240; New York County; New York,Manhattan,0,0,0,,
1400000US36061014300,Census Tract 143; New York County; New York,Manhattan,0,0,0,,
1400000US36061000100,Census Tract 1; New York County; New York,Manhattan,0,0,0,,
1400000US36061021703,Census Tract 217.03; New York County; New York,Manhattan,0,0,0,,
1400000US36061029700,Census Tract 297; New York County; New York,Manhattan,0,0,0,,
1400000US36061031900,Census Tract 319; New York County; New York,Manhattan,0,0,0,,
1400000US36061031100,Census Tract 311; New York County; New York,Manhattan,0,0,0,,
1400000US36061000500,Census Tract 5; New York County; New York,Manhattan,0,0,0,,
1400000US36061008602,Census Tract 86.02; New York County; New York,Manhattan,0,0,0,,
1400000US36061001001,Census Tract 10.01; New York County; New York,Manhattan,144,7,0,4.9,0.0
1400000US36061010200,Census Tract 102; New York County; New York,Manhattan,90,3,3,3.3,3.3
1400000US36061010400,Census Tract 104; New York County; New York,Manhattan,310,69,17,22.3,5.5
1400000US36061007001,Census Tract 70.01; New York County; New York,Manhattan,1710,753,95,44.0,5.6
1400000US36061011300,Census Tract 113; New York County; New York,Manhattan,35,9,2,25.7,5.7
1400000US36061003700,Census Tract 37; New York County; New York,Manhattan,1109,212,79,19.1,7.1
1400000US36061004900,Census Tract 49; New York County; New York,Manhattan,1473,516,121,35.0,8.2
1400000US36061015700,Census Tract 157; New York County; New York,Manhattan,3823,1527,331,39.9,8.7
1400000US36061012601,Census Tract 126.01; New York County; New York,Manhattan,1483,477,136,32.2,9.2
1400000US36061030700,Census Tract 307; New York County; New York,Manhattan,874,368,82,42.1,9.4
1400000US36061002202,Census Tract 22.02; New York County; New York,Manhattan,876,257,92,29.3,10.5
1400000US36061015401,Census Tract 154.01; New York County; New York,Manhattan,2952,676,319,22.9,10.8
1400000US36061005900,Census Tract 59; New York County; New York,Manhattan,863,416,93,48.2,10.8
1400000US36061012000,Census Tract 120; New York County; New York,Manhattan,672,307,74,45.7,11.0
1400000US36061007500,Census Tract 75; New York County; New York,Manhattan,1211,354,134,29.2,11.1
1400000US36061007600,Census Tract 76; New York County; New York,Manhattan,1014,338,116,33.3,11.4
1400000US36061013604,Census Tract 136.04; New York County; New York,Manhattan,1745,750,205,43.0,11.7
1400000US36061018600,Census Tract 186; New York County; New York,Manhattan,1901,609,223,32.0,11.7
1400000US36061010602,Census Tract 106.02; New York County; New York,Manhattan,1521,650,180,42.7,11.8
1400000US36061016900,Census Tract 169; New York County; New York,Manhattan,3432,1178,407,34.3,11.9
1400000US36061013900,Census Tract 139; New York County; New York,Manhattan,4267,2335,513,54.7,12.0
1400000US36061013400,Census Tract 134; New York County; New York,Manhattan,3912,1178,477,30.1,12.2
1400000US36061013501,Census Tract 135.01; New York County; New York,Manhattan,2598,982,316,37.8,12.2
1400000US36061011000,Census Tract 110; New York County; New York,Manhattan,3143,1149,394,36.6,12.5
1400000US36061010100,Census Tract 101; New York County; New York,Manhattan,1169,525,149,44.9,12.7
1400000US36061008400,Census Tract 84; New York County; New York,Manhattan,701,181,89,25.8,12.7
1400000US36061008900,Census Tract 89; New York County; New York,Manhattan,2251,987,289,43.8,12.8
1400000US36061005400,Census Tract 54; New York County; New York,Manhattan,1330,385,173,28.9,13.0
1400000US36061017500,Census Tract 175; New York County; New York,Manhattan,2882,1309,378,45.4,13.1
1400000US36061013800,Census Tract 138; New York County; New York,Manhattan,3565,1285,474,36.0,13.3
1400000US36061000900,Census Tract 9; New York County; New York,Manhattan,626,252,83,40.3,13.3
1400000US36061010803,Census Tract 108.03; New York County; New York,Manhattan,477,264,64,55.3,13.4
1400000US36061008603,Census Tract 86.03; New York County; New York,Manhattan,831,298,112,35.9,13.5
1400000US36061010801,Census Tract 108.01; New York County; New York,Manhattan,1077,354,146,32.9,13.6
1400000US36061005501,Census Tract 55.01; New York County; New York,Manhattan,1371,412,188,30.1,13.7
1400000US36061012500,Census Tract 125; New York County; New York,Manhattan,1338,541,185,40.4,13.8
1400000US36061002000,Census Tract 20; New York County; New York,Manhattan,1962,876,272,44.6,13.9
1400000US36061010300,Census Tract 103; New York County; New York,Manhattan,1495,503,208,33.6,13.9
1400000US36061005502,Census Tract 55.02; New York County; New York,Manhattan,805,171,113,21.2,14.0
1400000US36061002100,Census Tract 21; New York County; New York,Manhattan,2149,787,304,36.6,14.1
1400000US36061012700,Census Tract 127; New York County; New York,Manhattan,3017,1126,434,37.3,14.4
1400000US36061007900,Census Tract 79; New York County; New York,Manhattan,1483,410,216,27.6,14.6
1400000US36061017900,Census Tract 179; New York County; New York,Manhattan,2753,1004,417,36.5,15.1
1400000US36061029900,Census Tract 299; New York County; New York,Manhattan,1375,761,208,55.3,15.1
1400000US36061009200,Census Tract 92; New York County; New York,Manhattan,785,253,120,32.2,15.3
1400000US36061012102,Census Tract 121.02; New York County; New York,Manhattan,3141,1555,485,49.5,15.4
1400000US36061012602,Census Tract 126.02; New York County; New York,Manhattan,1515,322,234,21.3,15.4
1400000US36061009600,Census Tract 96; New York County; New York,Manhattan,71,22,11,31.0,15.5
1400000US36061003300,Census Tract 33; New York County; New York,Manhattan,1493,470,231,31.5,15.5
1400000US36061004400,Census Tract 44; New York County; New York,Manhattan,8189,2619,1275,32.0,15.6
1400000US36061016700,Census Tract 167; New York County; New York,Manhattan,1763,526,277,29.8,15.7
1400000US36061000201,Census Tract 2.01; New York County; New York,Manhattan,852,494,134,58.0,15.7
1400000US36061013700,Census Tract 137; New York County; New York,Manhattan,2297,901,362,39.2,15.8
1400000US36061014802,Census Tract 148.02; New York County; New York,Manhattan,2008,599,317,29.8,15.8
1400000US36061009902,Census Tract 99.02; New York County; New York,Manhattan,2301,878,366,38.2,15.9
1400000US36061002500,Census Tract 25; New York County; New York,Manhattan,1786,834,284,46.7,15.9
1400000US36061003400,Census Tract 34; New York County; New York,Manhattan,3445,1486,551,43.1,16.0
1400000US36061014801,Census Tract 148.01; New York County; New York,Manhattan,799,263,129,32.9,16.1
1400000US36061006000,Census Tract 60; New York County; New York,Manhattan,2338,877,376,37.5,16.1
1400000US36061004002,Census Tract 40.02; New York County; New York,Manhattan,1570,386,254,24.6,16.2
1400000US36061003602,Census Tract 36.02; New York County; New York,Manhattan,1283,574,209,44.7,16.3
1400000US36061013601,Census Tract 136.01; New York County; New York,Manhattan,135,46,22,34.1,16.3
1400000US36061013201,Census Tract 132.01; New York County; New York,Manhattan,831,277,136,33.3,16.4
1400000US36061008000,Census Tract 80; New York County; New York,Manhattan,1586,470,264,29.6,16.6
1400000US36061011500,Census Tract 115; New York County; New York,Manhattan,1666,694,279,41.7,16.7
1400000US36061030300,Census Tract 303; New York County; New York,Manhattan,1482,584,247,39.4,16.7
1400000US36061009901,Census Tract 99.01; New York County; New York,Manhattan,730,193,123,26.4,16.8
1400000US36061015801,Census Tract 158.01; New York County; New York,Manhattan,1604,493,269,30.7,16.8
1400000US36061009100,Census Tract 91; New York County; New York,Manhattan,2786,895,469,32.1,16.8
1400000US36061007700,Census Tract 77; New York County; New York,Manhattan,2385,686,404,28.8,16.9
1400000US36061019000,Census Tract 190; New York County; New York,Manhattan,975,259,165,26.6,16.9
1400000US36061019600,Census Tract 196; New York County; New York,Manhattan,1835,834,310,45.4,16.9
1400000US36061031703,Census Tract 317.03; New York County; New York,Manhattan,2104,835,358,39.7,17.0
1400000US36061023400,Census Tract 234; New York County; New York,Manhattan,2383,1479,407,62.1,17.1
1400000US36061007800,Census Tract 78; New York County; New York,Manhattan,3514,1398,608,39.8,17.3
1400000US36061014500,Census Tract 145; New York County; New York,Manhattan,2487,989,434,39.8,17.5
1400000US36061027300,Census Tract 273; New York County; New York,Manhattan,2154,848,376,39.4,17.5
1400000US36061001800,Census Tract 18; New York County; New York,Manhattan,2811,1096,504,39.0,17.9
1400000US36061007400,Census Tract 74; New York County; New York,Manhattan,2104,970,377,46.1,17.9
1400000US36061014402,Census Tract 144.02; New York County; New York,Manhattan,2569,1013,464,39.4,18.1
1400000US36061011402,Census Tract 114.02; New York County; New York,Manhattan,436,94,79,21.6,18.1
1400000US36061001200,Census Tract 12; New York County; New York,Manhattan,709,273,129,38.5,18.2
1400000US36061014700,Census Tract 147; New York County; New York,Manhattan,1163,510,212,43.9,18.2
1400000US36061005000,Census Tract 50; New York County; New York,Manhattan,1366,475,248,34.8,18.2
1400000US36061003002,Census Tract 30.02; New York County; New York,Manhattan,1630,645,299,39.6,18.3
1400000US36061008100,Census Tract 81; New York County; New York,Manhattan,2292,1009,421,44.0,18.4
1400000US36061018500,Census Tract 185; New York County; New York,Manhattan,1912,674,354,35.3,18.5
1400000US36061015900,Census Tract 159; New York County; New York,Manhattan,2409,1149,448,47.7,18.6
1400000US36061015200,Census Tract 152; New York County; New York,Manhattan,2838,1100,531,38.8,18.7
1400000US36061007100,Census Tract 71; New York County; New York,Manhattan,1645,999,310,60.7,18.8
1400000US36061020000,Census Tract 200; New York County; New York,Manhattan,1381,552,260,40.0,18.8
1400000US36061001402,Census Tract 14.02; New York County; New York,Manhattan,1606,708,309,44.1,19.2
1400000US36061006900,Census Tract 69; New York County; New York,Manhattan,704,305,137,43.3,19.5
1400000US36061013602,Census Tract 136.02; New York County; New York,Manhattan,1554,495,304,31.9,19.6
1400000US36061009500,Census Tract 95; New York County; New York,Manhattan,1155,407,228,35.2,19.7
1400000US36061011203,Census Tract 112.03; New York County; New York,Manhattan,281,118,56,42.0,19.9
1400000US36061020500,Census Tract 205; New York County; New York,Manhattan,967,338,194,35.0,20.1
1400000US36061024200,Census Tract 242; New York County; New York,Manhattan,1999,830,403,41.5,20.2
1400000US36061006700,Census Tract 67; New York County; New York,Manhattan,2515,1214,508,48.3,20.2
1400000US36061015302,Census Tract 153.02; New York County; New York,Manhattan,1960,756,397,38.6,20.3
1400000US36061004800,Census Tract 48; New York County; New York,Manhattan,1460,558,297,38.2,20.3
1400000US36061015001,Census Tract 150.01; New York County; New York,Manhattan,622,197,126,31.7,20.3
1400000US36061006200,Census Tract 62; New York County; New York,Manhattan,1253,717,257,57.2,20.5
1400000US36061009300,Census Tract 93; New York County; New York,Manhattan,3033,1436,627,47.3,20.7
1400000US36061024302,Census Tract 243.02; New York County; New York,Manhattan,2663,972,555,36.5,20.8
1400000US36061015102,Census Tract 151.02; New York County; New York,Manhattan,4157,1476,863,35.5,20.8
1400000US36061012101,Census Tract 121.01; New York County; New York,Manhattan,1710,679,356,39.7,20.8
1400000US36061011900,Census Tract 119; New York County; New York,Manhattan,1096,476,229,43.4,20.9
1400000US36061017300,Census Tract 173; New York County; New York,Manhattan,3254,1340,682,41.2,21.0
1400000US36061004100,Census Tract 41; New York County; New York,Manhattan,2877,1269,607,44.1,21.1
1400000US36061003200,Census Tract 32; New York County; New York,Manhattan,3667,1790,772,48.8,21.1
1400000US36061009700,Census Tract 97; New York County; New York,Manhattan,1157,471,245,40.7,21.2
1400000US36061031704,Census Tract 317.04; New York County; New York,Manhattan,2857,953,609,33.4,21.3
1400000US36061013100,Census Tract 131; New York County; New York,Manhattan,1997,899,429,45.0,21.5
1400000US36061001401,Census Tract 14.01; New York County; New York,Manhattan,432,133,93,30.8,21.5
1400000US36061002800,Census Tract 28; New York County; New York,Manhattan,2678,1022,579,38.2,21.6
1400000US36061015402,Census Tract 154.02; New York County; New York,Manhattan,1012,374,220,37.0,21.7
1400000US36061023501,Census Tract 235.01; New York County; New York,Manhattan,2392,961,521,40.2,21.8
1400000US36061016500,Census Tract 165; New York County; New York,Manhattan,1762,593,386,33.7,21.9
1400000US36061012902,Census Tract 129.02; New York County; New York,Manhattan,908,355,200,39.1,22.0
1400000US36061023804,Census Tract 238.04; New York County; New York,Manhattan,1401,617,309,44.0,22.1
1400000US36061016200,Census Tract 162; New York County; New York,Manhattan,4399,2403,981,54.6,22.3
1400000US36061029100,Census Tract 291; New York County; New York,Manhattan,3800,1798,848,47.3,22.3
1400000US36061021800,Census Tract 218; New York County; New York,Manhattan,2058,1118,463,54.3,22.5
1400000US36061015301,Census Tract 153.01; New York County; New York,Manhattan,1296,456,291,35.2,22.5
1400000US36061004700,Census Tract 47; New York County; New York,Manhattan,1142,527,259,46.1,22.7
1400000US36061008200,Census Tract 82; New York County; New York,Manhattan,1151,451,263,39.2,22.8
1400000US36061001002,Census Tract 10.02; New York County; New York,Manhattan,2486,1370,569,55.1,22.9
1400000US36061016600,Census Tract 166; New York County; New York,Manhattan,2670,1011,612,37.9,22.9
1400000US36061010900,Census Tract 109; New York County; New York,Manhattan,100,41,23,41.0,23.0
1400000US36061006800,Census Tract 68; New York County; New York,Manhattan,2140,1046,493,48.9,23.0
1400000US36061028100,Census Tract 281; New York County; New York,Manhattan,949,434,219,45.7,23.1
1400000US36061024700,Census Tract 247; New York County; New York,Manhattan,2110,872,488,41.3,23.1
1400000US36061018400,Census Tract 184; New York County; New York,Manhattan,2581,1240,596,48.0,23.1
1400000US36061003800,Census Tract 38; New York County; New York,Manhattan,3906,2061,903,52.8,23.1
1400000US36061019800,Census Tract 198; New York County; New York,Manhattan,568,221,131,38.9,23.1
1400000US36061013603,Census Tract 136.03; New York County; New York,Manhattan,2559,1025,593,40.1,23.2
1400000US36061017100,Census Tract 171; New York County; New York,Manhattan,2424,1385,565,57.1,23.3
1400000US36061011600,Census Tract 116; New York County; New York,Manhattan,1595,653,372,40.9,23.3
1400000US36061018700,Census Tract 187; New York County; New York,Manhattan,2720,937,633,34.4,23.3
1400000US36061017401,Census Tract 174.01; New York County; New York,Manhattan,2097,1059,490,50.5,23.4
1400000US36061013502,Census Tract 135.02; New York County; New York,Manhattan,3594,1337,841,37.2,23.4
1400000US36061015502,Census Tract 155.02; New York County; New York,Manhattan,1235,582,289,47.1,23.4
1400000US36061002602,Census Tract 26.02; New York County; New York,Manhattan,1313,463,310,35.3,23.6
1400000US36061017700,Census Tract 177; New York County; New York,Manhattan,2901,1813,688,62.5,23.7
1400000US36061009903,Census Tract 99.03; New York County; New York,Manhattan,812,396,193,48.8,23.8
1400000US36061020901,Census Tract 209.01; New York County; New York,Manhattan,1330,585,317,44.0,23.8
1400000US36061006500,Census Tract 65; New York County; New York,Manhattan,2559,947,609,37.0,23.8
1400000US36061007200,Census Tract 72; New York County; New York,Manhattan,3300,1316,793,39.9,24.0
1400000US36061023900,Census Tract 239; New York County; New York,Manhattan,1210,694,290,57.4,24.0
1400000US36061011401,Census Tract 114.01; New York County; New York,Manhattan,421,182,101,43.2,24.0
1400000US36061025300,Census Tract 253; New York County; New York,Manhattan,3955,2437,954,61.6,24.1
1400000US36061007002,Census Tract 70.02; New York County; New York,Manhattan,1779,854,429,48.0,24.1
1400000US36061016300,Census Tract 163; New York County; New York,Manhattan,1743,624,421,35.8,24.2
1400000US36061021303,Census Tract 213.03; New York County; New York,Manhattan,2085,869,505,41.7,24.2
1400000US36061009000,Census Tract 90; New York County; New York,Manhattan,3142,1515,765,48.2,24.3
1400000US36061019300,Census Tract 193; New York County; New York,Manhattan,3357,1545,816,46.0,24.3
1400000US36061003100,Census Tract 31; New York County; New York,Manhattan,609,306,149,50.2,24.5
1400000US36061002901,Census Tract 29.01; New York County; New York,Manhattan,69,57,17,82.6,24.6
1400000US36061008601,Census Tract 86.01; New York County; New York,Manhattan,1437,745,354,51.8,24.6
1400000US36061021500,Census Tract 215; New York County; New York,Manhattan,1702,793,420,46.6,24.7
1400000US36061006300,Census Tract 63; New York County; New York,Manhattan,1846,982,456,53.2,24.7
1400000US36061000600,Census Tract 6; New York County; New York,Manhattan,5115,2616,1261,51.1,24.7
1400000US36061026500,Census Tract 265; New York County; New York,Manhattan,2269,1075,560,47.4,24.7
1400000US36061006100,Census Tract 61; New York County; New York,Manhattan,937,386,232,41.2,24.8
1400000US36061008700,Census Tract 87; New York County; New York,Manhattan,2267,990,562,43.7,24.8
1400000US36061005200,Census Tract 52; New York County; New York,Manhattan,514,185,128,36.0,24.9
1400000US36061002400,Census Tract 24; New York County; New York,Manhattan,1797,894,449,49.7,25.0
1400000US36061002201,Census Tract 22.01; New York County; New York,Manhattan,2777,1463,698,52.7,25.1
1400000US36061001502,Census Tract 15.02; New York County; New York,Manhattan,3324,1564,842,47.1,25.3
1400000US36061014601,Census Tract 146.01; New York County; New York,Manhattan,1899,923,480,48.6,25.3
1400000US36061023600,Census Tract 236; New York County; New York,Manhattan,3701,2011,935,54.3,25.3
1400000US36061004001,Census Tract 40.01; New York County; New York,Manhattan,1662,904,420,54.4,25.3
1400000US36061001300,Census Tract 13; New York County; New York,Manhattan,2373,1056,600,44.5,25.3
1400000US36061016100,Census Tract 161; New York County; New York,Manhattan,2805,987,716,35.2,25.5
1400000US36061013300,Census Tract 133; New York County; New York,Manhattan,3184,1423,813,44.7,25.5
1400000US36061020701,Census Tract 207.01; New York County; New York,Manhattan,1016,476,260,46.9,25.6
1400000US36061004300,Census Tract 43; New York County; New York,Manhattan,2331,1165,598,50.0,25.7
1400000US36061015601,Census Tract 156.01; New York County; New York,Manhattan,2624,1398,682,53.3,26.0
1400000US36061024100,Census Tract 241; New York County; New York,Manhattan,2647,1507,687,56.9,26.0
1400000US36061001501,Census Tract 15.01; New York County; New York,Manhattan,1299,625,338,48.1,26.0
1400000US36061021400,Census Tract 214; New York County; New York,Manhattan,2113,1036,550,49.0,26.0
1400000US36061021600,Census Tract 216; New York County; New York,Manhattan,2699,1360,708,50.4,26.2
1400000US36061016800,Census Tract 168; New York County; New York,Manhattan,1767,953,463,53.9,26.2
1400000US36061007300,Census Tract 73; New York County; New York,Manhattan,2928,923,769,31.5,26.3
1400000US36061022700,Census Tract 227; New York County; New York,Manhattan,1810,909,478,50.2,26.4
1400000US36061018100,Census Tract 181; New York County; New York,Manhattan,2767,1012,737,36.6,26.6
1400000US36061005800,Census Tract 58; New York County; New York,Manhattan,2050,815,546,39.8,26.6
1400000US36061006600,Census Tract 66; New York County; New York,Manhattan,4558,2026,1216,44.4,26.7
1400000US36061029500,Census Tract 295; New York County; New York,Manhattan,2884,1245,769,43.2,26.7
1400000US36061000700,Census Tract 7; New York County; New York,Manhattan,4250,2013,1139,47.4,26.8
1400000US36061019702,Census Tract 197.02; New York County; New York,Manhattan,930,408,252,43.9,27.1
1400000US36061019900,Census Tract 199; New York County; New York,Manhattan,2118,934,574,44.1,27.1
1400000US36061001600,Census Tract 16; New York County; New York,Manhattan,2577,1314,701,51.0,27.2
1400000US36061024301,Census Tract 243.01; New York County; New York,Manhattan,1425,670,389,47.0,27.3
1400000US36061015501,Census Tract 155.01; New York County; New York,Manhattan,1072,427,295,39.8,27.5
1400000US36061028700,Census Tract 287; New York County; New York,Manhattan,1518,598,417,39.4,27.5
1400000US36061011100,Census Tract 111; New York County; New York,Manhattan,2408,1427,665,59.3,27.6
1400000US36061011700,Census Tract 117; New York County; New York,Manhattan,3446,1856,956,53.9,27.7
1400000US36061002902,Census Tract 29.02; New York County; New York,Manhattan,1520,631,422,41.5,27.8
1400000US36061016002,Census Tract 160.02; New York County; New York,Manhattan,774,329,215,42.5,27.8
1400000US36061000202,Census Tract 2.02; New York County; New York,Manhattan,2158,1252,599,58.0,27.8
1400000US36061014000,Census Tract 140; New York County; New York,Manhattan,1861,907,520,48.7,27.9
1400000US36061013203,Census Tract 132.03; New York County; New York,Manhattan,1463,706,408,48.3,27.9
1400000US36061019100,Census Tract 191; New York County; New York,Manhattan,2432,1163,682,47.8,28.0
1400000US36061025700,Census Tract 257; New York County; New York,Manhattan,1709,619,479,36.2,28.0
1400000US36061014401,Census Tract 144.01; New York County; New York,Manhattan,1330,612,374,46.0,28.1
1400000US36061010601,Census Tract 106.01; New York County; New York,Manhattan,1331,506,376,38.0,28.2
1400000US36061023100,Census Tract 231; New York County; New York,Manhattan,2242,1053,634,47.0,28.3
1400000US36061003001,Census Tract 30.01; New York County; New York,Manhattan,2158,1110,611,51.4,28.3
1400000US36061014900,Census Tract 149; New York County; New York,Manhattan,2014,811,572,40.3,28.4
1400000US36061008300,Census Tract 83; New York County; New York,Manhattan,1791,834,511,46.6,28.5
1400000US36061021200,Census Tract 212; New York County; New York,Manhattan,2405,932,687,38.8,28.6
1400000US36061026900,Census Tract 269; New York County; New York,Manhattan,2236,978,642,43.7,28.7
1400000US36061012400,Census Tract 124; New York County; New York,Manhattan,3676,1771,1059,48.2,28.8
1400000US36061013000,Census Tract 130; New York County; New York,Manhattan,459,172,132,37.5,28.8
1400000US36061017402,Census Tract 174.02; New York County; New York,Manhattan,1031,568,298,55.1,28.9
1400000US36061012200,Census Tract 122; New York County; New York,Manhattan,599,342,174,57.1,29.0
1400000US36061022000,Census Tract 220; New York County; New York,Manhattan,2396,879,695,36.7,29.0
1400000US36061022400,Census Tract 224; New York County; New York,Manhattan,2735,1284,793,46.9,29.0
1400000US36061020600,Census Tract 206; New York County; New York,Manhattan,1633,983,474,60.2,29.0
1400000US36061021000,Census Tract 210; New York County; New York,Manhattan,2839,1750,832,61.6,29.3
1400000US36061020800,Census Tract 208; New York County; New York,Manhattan,1713,747,502,43.6,29.3
1400000US36061025900,Census Tract 259; New York County; New York,Manhattan,1105,542,325,49.0,29.4
1400000US36061003601,Census Tract 36.01; New York County; New York,Manhattan,1226,609,360,49.7,29.4
1400000US36061022200,Census Tract 222; New York County; New York,Manhattan,1096,606,324,55.3,29.6
1400000US36061023300,Census Tract 233; New York County; New York,Manhattan,2434,1250,720,51.4,29.6
1400000US36061020300,Census Tract 203; New York County; New York,Manhattan,443,305,131,68.8,29.6
1400000US36061024500,Census Tract 245; New York County; New York,Manhattan,5329,3306,1590,62.0,29.8
1400000US36061022900,Census Tract 229; New York County; New York,Manhattan,2657,1241,791,46.7,29.8
1400000US36061027500,Census Tract 275; New York County; New York,Manhattan,540,251,161,46.5,29.8
1400000US36061023700,Census Tract 237; New York County; New York,Manhattan,2279,1196,686,52.5,30.1
1400000US36061003900,Census Tract 39; New York County; New York,Manhattan,1453,739,437,50.9,30.1
1400000US36061015403,Census Tract 154.03; New York County; New York,Manhattan,1406,515,423,36.6,30.1
1400000US36061018000,Census Tract 180; New York County; New York,Manhattan,2630,1298,802,49.4,30.5
1400000US36061002700,Census Tract 27; New York County; New York,Manhattan,121,64,37,52.9,30.6
1400000US36061017800,Census Tract 178; New York County; New York,Manhattan,1632,724,501,44.4,30.7
1400000US36061009400,Census Tract 94; New York County; New York,Manhattan,26,20,8,76.9,30.8
1400000US36061027900,Census Tract 279; New York County; New York,Manhattan,3784,2038,1164,53.9,30.8
1400000US36061015101,Census Tract 151.01; New York County; New York,Manhattan,1463,762,451,52.1,30.8
1400000US36061022600,Census Tract 226; New York County; New York,Manhattan,1659,908,514,54.7,31.0
1400000US36061022800,Census Tract 228; New York County; New York,Manhattan,1903,1083,589,56.9,31.0
1400000US36061026300,Census Tract 263; New York County; New York,Manhattan,2779,1524,864,54.8,31.1
1400000US36061022500,Census Tract 225; New York County; New York,Manhattan,3290,1546,1024,47.0,31.1
1400000US36061019200,Census Tract 192; New York County; New York,Manhattan,1626,804,508,49.4,31.2
1400000US36061027100,Census Tract 271; New York County; New York,Manhattan,2846,1473,888,51.8,31.2
1400000US36061022302,Census Tract 223.02; New York County; New York,Manhattan,1251,740,391,59.2,31.3
1400000US36061012800,Census Tract 128; New York County; New York,Manhattan,773,283,242,36.6,31.3
1400000US36061013202,Census Tract 132.02; New York County; New York,Manhattan,2053,1089,642,53.0,31.3
1400000US36061015802,Census Tract 158.02; New York County; New York,Manhattan,2078,902,652,43.4,31.4
1400000US36061018900,Census Tract 189; New York County; New York,Manhattan,3734,2002,1178,53.6,31.5
1400000US36061021100,Census Tract 211; New York County; New York,Manhattan,2947,1557,929,52.8,31.5
1400000US36061012901,Census Tract 129.01; New York County; New York,Manhattan,3470,2093,1098,60.3,31.6
1400000US36061015602,Census Tract 156.02; New York County; New York,Manhattan,1068,425,341,39.8,31.9
1400000US36061019400,Census Tract 194; New York County; New York,Manhattan,2716,1840,869,67.7,32.0
1400000US36061005700,Census Tract 57; New York County; New York,Manhattan,845,388,270,45.9,32.0
1400000US36061026100,Census Tract 261; New York County; New York,Manhattan,3632,2130,1166,58.6,32.1
1400000US36061020102,Census Tract 201.02; New York County; New York,Manhattan,1213,544,389,44.8,32.1
1400000US36061027700,Census Tract 277; New York County; New York,Manhattan,1997,1082,643,54.2,32.2
1400000US36061023802,Census Tract 238.02; New York County; New York,Manhattan,1904,1110,613,58.3,32.2
1400000US36061018300,Census Tract 183; New York County; New York,Manhattan,2502,1123,814,44.9,32.5
1400000US36061018800,Census Tract 188; New York County; New York,Manhattan,2440,1237,798,50.7,32.7
1400000US36061004500,Census Tract 45; New York County; New York,Manhattan,221,115,73,52.0,33.0
1400000US36061018200,Census Tract 182; New York County; New York,Manhattan,2958,1650,982,55.8,33.2
1400000US36061016001,Census Tract 160.01; New York County; New York,Manhattan,273,112,91,41.0,33.3
1400000US36061017200,Census Tract 172; New York County; New York,Manhattan,2497,1430,834,57.3,33.4
1400000US36061014602,Census Tract 146.02; New York County; New York,Manhattan,3777,1814,1267,48.0,33.5
1400000US36061020101,Census Tract 201.01; New York County; New York,Manhattan,280,118,94,42.1,33.6
1400000US36061025100,Census Tract 251; New York County; New York,Manhattan,839,443,283,52.8,33.7
1400000US36061028300,Census Tract 283; New York County; New York,Manhattan,2312,1130,786,48.9,34.0
1400000US36061023200,Census Tract 232; New York County; New York,Manhattan,3387,2210,1160,65.2,34.2
1400000US36061005600,Census Tract 56; New York County; New York,Manhattan,1663,953,568,57.3,34.2
1400000US36061030900,Census Tract 309; New York County; New York,Manhattan,3065,1828,1047,59.6,34.2
1400000US36061011800,Census Tract 118; New York County; New York,Manhattan,2899,1460,991,50.4,34.2
1400000US36061017000,Census Tract 170; New York County; New York,Manhattan,3125,1738,1074,55.6,34.4
1400000US36061021900,Census Tract 219; New York County; New York,Manhattan,2039,1089,701,53.4,34.4
1400000US36061006400,Census Tract 64; New York County; New York,Manhattan,2948,1454,1016,49.3,34.5
1400000US36061014200,Census Tract 142; New York County; New York,Manhattan,549,278,192,50.6,35.0
1400000US36061008800,Census Tract 88; New York County; New York,Manhattan,3432,2123,1214,61.9,35.4
1400000US36061016400,Census Tract 164; New York County; New York,Manhattan,3390,1649,1200,48.6,35.4
1400000US36061028500,Census Tract 285; New York County; New York,Manhattan,2286,1221,821,53.4,35.9
1400000US36061009800,Census Tract 98; New York County; New York,Manhattan,2622,1293,965,49.3,36.8
1400000US36061024900,Census Tract 249; New York County; New York,Manhattan,424,252,158,59.4,37.3
1400000US36061022102,Census Tract 221.02; New York County; New York,Manhattan,805,469,310,58.3,38.5
1400000US36061015002,Census Tract 150.02; New York County; New York,Manhattan,418,274,163,65.6,39.0
1400000US36061023502,Census Tract 235.02; New York County; New York,Manhattan,775,441,306,56.9,39.5
1400000US36061025500,Census Tract 255; New York County; New York,Manhattan,1619,958,642,59.2,39.7
1400000US36061022301,Census Tract 223.01; New York County; New York,Manhattan,2277,1380,908,60.6,39.9
1400000US36061019701,Census Tract 197.01; New York County; New York,Manhattan,515,268,206,52.0,40.0
1400000US36061002601,Census Tract 26.01; New York County; New York,Manhattan,1792,1064,718,59.4,40.1
1400000US36061000800,Census Tract 8; New York County; New York,Manhattan,4286,2331,1748,54.4,40.8
1400000US36061011201,Census Tract 112.01; New York County; New York,Manhattan,419,230,171,54.9,40.8
1400000US36061019500,Census Tract 195; New York County; New York,Manhattan,2078,1112,861,53.5,41.4
1400000US36061026700,Census Tract 267; New York County; New York,Manhattan,591,392,245,66.3,41.5
1400000US36061010802,Census Tract 108.02; New York County; New York,Manhattan,1053,684,443,65.0,42.1
1400000US36061004200,Census Tract 42; New York County; New York,Manhattan,864,448,373,51.9,43.2
1400000US36061023000,Census Tract 230; New York County; New York,Manhattan,3678,2391,1593,65.0,43.3
1400000US36061023803,Census Tract 238.03; New York County; New York,Manhattan,894,602,397,67.3,44.4
1400000US36061010000,Census Tract 100; New York County; New York,Manhattan,887,486,395,54.8,44.5
1400000US36061011202,Census Tract 112.02; New York County; New York,Manhattan,89,71,43,79.8,48.3
1400000US36061029300,Census Tract 293; New York County; New York,Manhattan,2905,1966,1414,67.7,48.7
1400000US36081089202,Census Tract 892.02; Queens County; New York,Queens,0,0,0,,
1400000US36081056100,Census Tract 561; Queens County; New York,Queens,0,0,0,,
1400000US36081060701,Census Tract 607.01; Queens County; New York,Queens,0,0,0,,
1400000US36081062400,Census Tract 624; Queens County; New York,Queens,0,0,0,,
1400000US36081066404,Census Tract 664.04; Queens County; New York,Queens,0,0,0,,
1400000US36081021900,Census Tract 219; Queens County; New York,Queens,0,0,0,,
1400000US36081091604,Census Tract 916.04; Queens County; New York,Queens,0,0,0,,
1400000US36081091800,Census Tract 918; Queens County; New York,Queens,0,0,0,,
1400000US36081071600,Census Tract 716; Queens County; New York,Queens,0,0,0,,
1400000US36081029900,Census Tract 299; Queens County; New York,Queens,0,0,0,,
1400000US36081003700,Census Tract 37; Queens County; New York,Queens,0,0,0,,
1400000US36081005000,Census Tract 50; Queens County; New York,Queens,0,0,0,,
1400000US36081099900,Census Tract 999; Queens County; New York,Queens,0,0,0,,
1400000US36081028803,Census Tract 288.03; Queens County; New York,Queens,0,0,0,,
1400000US36081065501,Census Tract 655.01; Queens County; New York,Queens,0,0,0,,
1400000US36081033100,Census Tract 331; Queens County; New York,Queens,0,0,0,,
1400000US36081024600,Census Tract 246; Queens County; New York,Queens,0,0,0,,
1400000US36081064102,Census Tract 641.02; Queens County; New York,Queens,0,0,0,,
1400000US36081061302,Census Tract 613.02; Queens County; New York,Queens,0,0,0,,
1400000US36081066302,Census Tract 663.02; Queens County; New York,Queens,0,0,0,,
1400000US36081038302,Census Tract 383.02; Queens County; New York,Queens,0,0,0,,
1400000US36081042600,Census Tract 426; Queens County; New York,Queens,0,0,0,,
1400000US36081022900,Census Tract 229; Queens County; New York,Queens,0,0,0,,
1400000US36081009900,Census Tract 99; Queens County; New York,Queens,0,0,0,,
1400000US36081079300,Census Tract 793; Queens County; New York,Queens,0,0,0,,
1400000US36081065402,Census Tract 654.02; Queens County; New York,Queens,0,0,0,,
1400000US36081038301,Census Tract 383.01; Queens County; New York,Queens,0,0,0,,
1400000US36081053502,Census Tract 535.02; Queens County; New York,Queens,0,0,0,,
1400000US36081121100,Census Tract 1211; Queens County; New York,Queens,0,0,0,,
1400000US36081120702,Census Tract 1207.02; Queens County; New York,Queens,0,0,0,,
1400000US36081128300,Census Tract 1283; Queens County; New York,Queens,0,0,0,,
1400000US36081990100,Census Tract 9901; Queens County; New York,Queens,0,0,0,,
1400000US36081019903,Census Tract 199.03; Queens County; New York,Queens,0,0,0,,
1400000US36081017101,Census Tract 171.01; Queens County; New York,Queens,0,0,0,,
1400000US36081138502,Census Tract 1385.02; Queens County; New York,Queens,0,0,0,,
1400000US36081107202,Census Tract 1072.02; Queens County; New York,Queens,0,0,0,,
1400000US36081010701,Census Tract 107.01; Queens County; New York,Queens,0,0,0,,
1400000US36081021603,Census Tract 216.03; Queens County; New York,Queens,0,0,0,,
1400000US36081097207,Census Tract 972.07; Queens County; New York,Queens,0,0,0,,
1400000US36081017902,Census Tract 179.02; Queens County; New York,Queens,0,0,0,,
1400000US36081053601,Census Tract 536.01; Queens County; New York,Queens,263,263,0,100.0,0.0
1400000US36081140901,Census Tract 1409.01; Queens County; New York,Queens,103,0,0,0.0,0.0
1400000US36081100801,Census Tract 1008.01; Queens County; New York,Queens,212,70,0,33.0,0.0
1400000US36081133900,Census Tract 1339; Queens County; New York,Queens,3,0,0,0.0,0.0
1400000US36081017102,Census Tract 171.02; Queens County; New York,Queens,175,124,0,70.9,0.0
1400000US36081061000,Census Tract 610; Queens County; New York,Queens,22,14,0,63.6,0.0
1400000US36081124700,Census Tract 1247; Queens County; New York,Queens,168,21,0,12.5,0.0
1400000US36081061200,Census Tract 612; Queens County; New York,Queens,24,24,0,100.0,0.0
1400000US36081059400,Census Tract 594; Queens County; New York,Queens,37,19,0,51.4,0.0
1400000US36081000104,Census Tract 1.04; Queens County; New York,Queens,26,26,0,100.0,0.0
1400000US36081039800,Census Tract 398; Queens County; New York,Queens,112,25,0,22.3,0.0
1400000US36081080302,Census Tract 803.02; Queens County; New York,Queens,202,21,0,10.4,0.0
1400000US36081062000,Census Tract 620; Queens County; New York,Queens,10,5,0,50.0,0.0
1400000US36081091602,Census Tract 916.02; Queens County; New York,Queens,5,0,0,0.0,0.0
1400000US36081098100,Census Tract 981; Queens County; New York,Queens,229,48,0,21.0,0.0
1400000US36081000103,Census Tract 1.03; Queens County; New York,Queens,21,0,0,0.0,0.0
1400000US36081053902,Census Tract 539.02; Queens County; New York,Queens,4,0,0,0.0,0.0
1400000US36081019902,Census Tract 199.02; Queens County; New York,Queens,8,0,0,0.0,0.0
1400000US36081052000,Census Tract 520; Queens County; New York,Queens,74,32,0,43.2,0.0
1400000US36081067100,Census Tract 671; Queens County; New York,Queens,68,0,0,0.0,0.0
1400000US36081043400,Census Tract 434; Queens County; New York,Queens,71,42,0,59.2,0.0
1400000US36081060000,Census Tract 600; Queens County; New York,Queens,90,34,0,37.8,0.0
1400000US36081061602,Census Tract 616.02; Queens County; New York,Queens,22,0,0,0.0,0.0
1400000US36081119900,Census Tract 1199; Queens County; New York,Queens,31,0,0,0.0,0.0
1400000US36081035200,Census Tract 352; Queens County; New York,Queens,173,65,2,37.6,1.2
1400000US36081092800,Census Tract 928; Queens County; New York,Queens,105,26,3,24.8,2.9
1400000US36081143500,Census Tract 1435; Queens County; New York,Queens,92,15,3,16.3,3.3
1400000US36081017400,Census Tract 174; Queens County; New York,Queens,276,152,9,55.1,3.3
1400000US36081084601,Census Tract 846.01; Queens County; New York,Queens,151,34,6,22.5,4.0
1400000US36081025500,Census Tract 255; Queens County; New York,Queens,339,189,14,55.8,4.1
1400000US36081042400,Census Tract 424; Queens County; New York,Queens,151,13,7,8.6,4.6
1400000US36081069400,Census Tract 694; Queens County; New York,Queens,618,212,29,34.3,4.7
1400000US36081162100,Census Tract 1621; Queens County; New York,Queens,884,269,47,30.4,5.3
1400000US36081133300,Census Tract 1333; Queens County; New York,Queens,489,43,26,8.8,5.3
1400000US36081065000,Census Tract 650; Queens County; New York,Queens,124,15,7,12.1,5.6
1400000US36081023200,Census Tract 232; Queens County; New York,Queens,1187,502,77,42.3,6.5
1400000US36081072300,Census Tract 723; Queens County; New York,Queens,108,19,7,17.6,6.5
1400000US36081024500,Census Tract 245; Queens County; New York,Queens,1404,428,94,30.5,6.7
1400000US36081056500,Census Tract 565; Queens County; New York,Queens,330,74,22,22.4,6.7
1400000US36081014700,Census Tract 147; Queens County; New York,Queens,1281,494,93,38.6,7.3
1400000US36081150701,Census Tract 1507.01; Queens County; New York,Queens,354,202,26,57.1,7.3
1400000US36081035700,Census Tract 357; Queens County; New York,Queens,608,182,45,29.9,7.4
1400000US36081049202,Census Tract 492.02; Queens County; New York,Queens,146,84,11,57.5,7.5
1400000US36081066402,Census Tract 664.02; Queens County; New York,Queens,332,239,26,72.0,7.8
1400000US36081047600,Census Tract 476; Queens County; New York,Queens,77,55,6,71.4,7.8
1400000US36081124100,Census Tract 1241; Queens County; New York,Queens,356,171,28,48.0,7.9
1400000US36081157102,Census Tract 1571.02; Queens County; New York,Queens,228,64,18,28.1,7.9
1400000US36081000701,Census Tract 7.01; Queens County; New York,Queens,985,295,79,29.9,8.0
1400000US36081065401,Census Tract 654.01; Queens County; New York,Queens,309,107,25,34.6,8.1
1400000US36081001200,Census Tract 12; Queens County; New York,Queens,731,244,65,33.4,8.9
1400000US36081157903,Census Tract 1579.03; Queens County; New York,Queens,287,94,26,32.8,9.1
1400000US36081142900,Census Tract 1429; Queens County; New York,Queens,330,80,31,24.2,9.4
1400000US36081045000,Census Tract 450; Queens County; New York,Queens,474,50,45,10.5,9.5
1400000US36081121500,Census Tract 1215; Queens County; New York,Queens,674,417,65,61.9,9.6
1400000US36081155103,Census Tract 1551.03; Queens County; New York,Queens,971,310,96,31.9,9.9
1400000US36081152901,Census Tract 1529.01; Queens County; New York,Queens,617,124,62,20.1,10.0
1400000US36081027200,Census Tract 272; Queens County; New York,Queens,190,55,19,28.9,10.0
1400000US36081033700,Census Tract 337; Queens County; New York,Queens,338,240,34,71.0,10.1
1400000US36081009500,Census Tract 95; Queens County; New York,Queens,644,240,66,37.3,10.2
1400000US36081029300,Census Tract 293; Queens County; New York,Queens,275,192,28,69.8,10.2
1400000US36081022002,Census Tract 220.02; Queens County; New York,Queens,1197,572,124,47.8,10.4
1400000US36081010100,Census Tract 101; Queens County; New York,Queens,685,225,71,32.8,10.4
1400000US36081060300,Census Tract 603; Queens County; New York,Queens,349,100,37,28.7,10.6
1400000US36081069000,Census Tract 690; Queens County; New York,Queens,552,260,60,47.1,10.9
1400000US36081017901,Census Tract 179.01; Queens County; New York,Queens,428,186,47,43.5,11.0
1400000US36081070300,Census Tract 703; Queens County; New York,Queens,337,82,37,24.3,11.0
1400000US36081013000,Census Tract 130; Queens County; New York,Queens,435,124,48,28.5,11.0
1400000US36081120701,Census Tract 1207.01; Queens County; New York,Queens,98,39,11,39.8,11.2
1400000US36081074900,Census Tract 749; Queens County; New York,Queens,96,11,11,11.5,11.5
1400000US36081063800,Census Tract 638; Queens County; New York,Queens,95,40,11,42.1,11.6
1400000US36081076902,Census Tract 769.02; Queens County; New York,Queens,484,161,56,33.3,11.6
1400000US36081051700,Census Tract 517; Queens County; New York,Queens,412,96,48,23.3,11.7
1400000US36081000400,Census Tract 4; Queens County; New York,Queens,526,255,63,48.5,12.0
1400000US36081006100,Census Tract 61; Queens County; New York,Queens,2734,1025,328,37.5,12.0
1400000US36081055700,Census Tract 557; Queens County; New York,Queens,1074,409,130,38.1,12.1
1400000US36081122702,Census Tract 1227.02; Queens County; New York,Queens,2411,1117,291,46.3,12.1
1400000US36081048301,Census Tract 483.01; Queens County; New York,Queens,410,190,50,46.3,12.2
1400000US36081152902,Census Tract 1529.02; Queens County; New York,Queens,521,206,64,39.5,12.3
1400000US36081003301,Census Tract 33.01; Queens County; New York,Queens,2173,782,272,36.0,12.5
1400000US36081054700,Census Tract 547; Queens County; New York,Queens,1237,438,156,35.4,12.6
1400000US36081099703,Census Tract 997.03; Queens County; New York,Queens,573,184,72,32.1,12.6
1400000US36081066701,Census Tract 667.01; Queens County; New York,Queens,348,97,44,27.9,12.6
1400000US36081000102,Census Tract 1.02; Queens County; New York,Queens,3231,999,407,30.9,12.6
1400000US36081062300,Census Tract 623; Queens County; New York,Queens,540,190,69,35.2,12.8
1400000US36081063900,Census Tract 639; Queens County; New York,Queens,468,124,61,26.5,13.0
1400000US36081063200,Census Tract 632; Queens County; New York,Queens,108,22,14,20.4,13.0
1400000US36081041100,Census Tract 411; Queens County; New York,Queens,545,224,71,41.1,13.0
1400000US36081063301,Census Tract 633.01; Queens County; New York,Queens,198,57,26,28.8,13.1
1400000US36081006300,Census Tract 63; Queens County; New York,Queens,2501,733,335,29.3,13.4
1400000US36081053901,Census Tract 539.01; Queens County; New York,Queens,1055,555,142,52.6,13.5
1400000US36081120100,Census Tract 1201; Queens County; New York,Queens,220,136,30,61.8,13.6
1400000US36081062700,Census Tract 627; Queens County; New York,Queens,483,198,66,41.0,13.7
1400000US36081012602,Census Tract 126.02; Queens County; New York,Queens,371,165,51,44.5,13.7
1400000US36081022001,Census Tract 220.01; Queens County; New York,Queens,1924,797,264,41.4,13.7
1400000US36081011100,Census Tract 111; Queens County; New York,Queens,970,283,135,29.2,13.9
1400000US36081100804,Census Tract 1008.04; Queens County; New York,Queens,692,297,97,42.9,14.0
1400000US36081146700,Census Tract 1467; Queens County; New York,Queens,1036,399,147,38.5,14.2
1400000US36081028801,Census Tract 288.01; Queens County; New York,Queens,344,125,50,36.3,14.5
1400000US36081097204,Census Tract 972.04; Queens County; New York,Queens,1065,375,154,35.2,14.5
1400000US36081006900,Census Tract 69; Queens County; New York,Queens,1975,734,286,37.2,14.5
1400000US36081115500,Census Tract 1155; Queens County; New York,Queens,399,135,58,33.8,14.5
1400000US36081006501,Census Tract 65.01; Queens County; New York,Queens,1557,623,230,40.0,14.8
1400000US36081076901,Census Tract 769.01; Queens County; New York,Queens,1088,299,161,27.5,14.8
1400000US36081062900,Census Tract 629; Queens County; New York,Queens,844,526,126,62.3,14.9
1400000US36081066100,Census Tract 661; Queens County; New York,Queens,94,20,14,21.3,14.9
1400000US36081006502,Census Tract 65.02; Queens County; New York,Queens,1520,707,229,46.5,15.1
1400000US36081036700,Census Tract 367; Queens County; New York,Queens,544,340,82,62.5,15.1
1400000US36081054900,Census Tract 549; Queens County; New York,Queens,1495,498,226,33.3,15.1
1400000US36081063700,Census Tract 637; Queens County; New York,Queens,415,134,63,32.3,15.2
1400000US36081010000,Census Tract 100; Queens County; New York,Queens,191,53,29,27.7,15.2
1400000US36081062600,Census Tract 626; Queens County; New York,Queens,118,21,18,17.8,15.3
1400000US36081048302,Census Tract 483.02; Queens County; New York,Queens,534,366,82,68.5,15.4
1400000US36081011700,Census Tract 117; Queens County; New York,Queens,1329,489,205,36.8,15.4
1400000US36081097206,Census Tract 972.06; Queens County; New York,Queens,1097,508,169,46.3,15.4
1400000US36081024300,Census Tract 243; Queens County; New York,Queens,950,535,147,56.3,15.5
1400000US36081045600,Census Tract 456; Queens County; New York,Queens,71,16,11,22.5,15.5
1400000US36081072900,Census Tract 729; Queens County; New York,Queens,108,21,17,19.4,15.7
1400000US36081055500,Census Tract 555; Queens County; New York,Queens,587,240,92,40.9,15.7
1400000US36081058000,Census Tract 580; Queens County; New York,Queens,114,35,18,30.7,15.8
1400000US36081012500,Census Tract 125; Queens County; New York,Queens,558,219,88,39.2,15.8
1400000US36081000101,Census Tract 1.01; Queens County; New York,Queens,1618,536,255,33.1,15.8
1400000US36081048200,Census Tract 482; Queens County; New York,Queens,177,64,28,36.2,15.8
1400000US36081057900,Census Tract 579; Queens County; New York,Queens,495,242,78,48.9,15.8
1400000US36081075702,Census Tract 757.02; Queens County; New York,Queens,868,272,138,31.3,15.9
1400000US36081049500,Census Tract 495; Queens County; New York,Queens,328,106,52,32.3,15.9
1400000US36081094201,Census Tract 942.01; Queens County; New York,Queens,891,455,142,51.1,15.9
1400000US36081012100,Census Tract 121; Queens County; New York,Queens,523,190,83,36.3,15.9
1400000US36081099701,Census Tract 997.01; Queens County; New York,Queens,94,38,15,40.4,16.0
1400000US36081012301,Census Tract 123.01; Queens County; New York,Queens,821,240,133,29.2,16.2
1400000US36081109700,Census Tract 1097; Queens County; New York,Queens,247,63,40,25.5,16.2
1400000US36081067700,Census Tract 677; Queens County; New York,Queens,135,53,22,39.3,16.3
1400000US36081035300,Census Tract 353; Queens County; New York,Queens,397,200,65,50.4,16.4
1400000US36081077906,Census Tract 779.06; Queens County; New York,Queens,598,314,98,52.5,16.4
1400000US36081020400,Census Tract 204; Queens County; New York,Queens,457,236,75,51.6,16.4
1400000US36081058700,Census Tract 587; Queens County; New York,Queens,1176,513,194,43.6,16.5
1400000US36081005100,Census Tract 51; Queens County; New York,Queens,818,439,136,53.7,16.6
1400000US36081018502,Census Tract 185.02; Queens County; New York,Queens,1315,483,218,36.7,16.6
1400000US36081107201,Census Tract 1072.01; Queens County; New York,Queens,205,96,34,46.8,16.6
1400000US36081021601,Census Tract 216.01; Queens County; New York,Queens,525,153,87,29.1,16.6
1400000US36081058100,Census Tract 581; Queens County; New York,Queens,836,219,140,26.2,16.7
1400000US36081010600,Census Tract 106; Queens County; New York,Queens,251,153,42,61.0,16.7
1400000US36081038400,Census Tract 384; Queens County; New York,Queens,138,95,23,68.8,16.7
1400000US36081009100,Census Tract 91; Queens County; New York,Queens,587,283,98,48.2,16.7
1400000US36081052400,Census Tract 524; Queens County; New York,Queens,144,36,24,25.0,16.7
1400000US36081015500,Census Tract 155; Queens County; New York,Queens,774,274,131,35.4,16.9
1400000US36081071100,Census Tract 711; Queens County; New York,Queens,967,358,163,37.0,16.9
1400000US36081003600,Census Tract 36; Queens County; New York,Queens,598,255,101,42.6,16.9
1400000US36081030903,Census Tract 309.03; Queens County; New York,Queens,893,323,151,36.2,16.9
1400000US36081001903,Census Tract 19.03; Queens County; New York,Queens,979,366,165,37.4,16.9
1400000US36081064101,Census Tract 641.01; Queens County; New York,Queens,59,10,10,16.9,16.9
1400000US36081013600,Census Tract 136; Queens County; New York,Queens,476,203,81,42.6,17.0
1400000US36081036500,Census Tract 365; Queens County; New York,Queens,564,250,96,44.3,17.0
1400000US36081009700,Census Tract 97; Queens County; New York,Queens,1024,317,174,31.0,17.0
1400000US36081069500,Census Tract 695; Queens County; New York,Queens,440,158,75,35.9,17.0
1400000US36081058500,Census Tract 585; Queens County; New York,Queens,1197,444,204,37.1,17.0
1400000US36081073700,Census Tract 737; Queens County; New York,Queens,666,126,113,18.9,17.0
1400000US36081001901,Census Tract 19.01; Queens County; New York,Queens,683,174,116,25.5,17.0
1400000US36081014100,Census Tract 141; Queens County; New York,Queens,617,221,106,35.8,17.2
1400000US36081046400,Census Tract 464; Queens County; New York,Queens,209,76,36,36.4,17.2
1400000US36081114700,Census Tract 1147; Queens County; New York,Queens,208,104,36,50.0,17.3
1400000US36081157901,Census Tract 1579.01; Queens County; New York,Queens,179,49,31,27.4,17.3
1400000US36081030600,Census Tract 306; Queens County; New York,Queens,521,221,90,42.4,17.3
1400000US36081053000,Census Tract 530; Queens County; New York,Queens,150,100,26,66.7,17.3
1400000US36081016900,Census Tract 169; Queens County; New York,Queens,1641,801,284,48.8,17.3
1400000US36081055600,Census Tract 556; Queens County; New York,Queens,110,92,19,83.6,17.3
1400000US36081040102,Census Tract 401.02; Queens County; New York,Queens,1030,482,179,46.8,17.4
1400000US36081014500,Census Tract 145; Queens County; New York,Queens,869,321,151,36.9,17.4
1400000US36081112900,Census Tract 1129; Queens County; New York,Queens,291,95,51,32.6,17.5
1400000US36081005800,Census Tract 58; Queens County; New York,Queens,834,359,146,43.0,17.5
1400000US36081028000,Census Tract 280; Queens County; New York,Queens,255,94,45,36.9,17.6
1400000US36081001902,Census Tract 19.02; Queens County; New York,Queens,3271,1121,575,34.3,17.6
1400000US36081037501,Census Tract 375.01; Queens County; New York,Queens,290,117,51,40.3,17.6
1400000US36081122703,Census Tract 1227.03; Queens County; New York,Queens,1658,727,293,43.8,17.7
1400000US36081026100,Census Tract 261; Queens County; New York,Queens,2191,871,389,39.8,17.8
1400000US36081025100,Census Tract 251; Queens County; New York,Queens,1464,545,260,37.2,17.8
1400000US36081007700,Census Tract 77; Queens County; New York,Queens,758,261,136,34.4,17.9
1400000US36081025401,Census Tract 254.01; Queens County; New York,Queens,743,422,134,56.8,18.0
1400000US36081047500,Census Tract 475; Queens County; New York,Queens,1334,695,242,52.1,18.1
1400000US36081108500,Census Tract 1085; Queens County; New York,Queens,248,100,45,40.3,18.1
1400000US36081035800,Census Tract 358; Queens County; New York,Queens,542,273,98,50.4,18.1
1400000US36081018900,Census Tract 189; Queens County; New York,Queens,952,368,173,38.7,18.2
1400000US36081113300,Census Tract 1133; Queens County; New York,Queens,131,59,24,45.0,18.3
1400000US36081011300,Census Tract 113; Queens County; New York,Queens,1555,882,284,56.7,18.3
1400000US36081010300,Census Tract 103; Queens County; New York,Queens,1316,547,242,41.6,18.4
1400000US36081018300,Census Tract 183; Queens County; New York,Queens,1927,1222,356,63.4,18.5
1400000US36081145900,Census Tract 1459; Queens County; New York,Queens,233,108,43,46.4,18.5
1400000US36081040400,Census Tract 404; Queens County; New York,Queens,465,378,86,81.3,18.5
1400000US36081033405,Census Tract 334.05; Queens County; New York,Queens,953,220,176,23.1,18.5
1400000US36081077907,Census Tract 779.07; Queens County; New York,Queens,823,533,154,64.8,18.7
1400000US36081075701,Census Tract 757.01; Queens County; New York,Queens,1306,525,247,40.2,18.9
1400000US36081058300,Census Tract 583; Queens County; New York,Queens,945,378,179,40.0,18.9
1400000US36081032700,Census Tract 327; Queens County; New York,Queens,702,343,133,48.9,18.9
1400000US36081008100,Census Tract 81; Queens County; New York,Queens,538,309,102,57.4,19.0
1400000US36081008300,Census Tract 83; Queens County; New York,Queens,879,424,167,48.2,19.0
1400000US36081050800,Census Tract 508; Queens County; New York,Queens,231,78,44,33.8,19.0
1400000US36081093401,Census Tract 934.01; Queens County; New York,Queens,526,120,100,22.8,19.0
1400000US36081027000,Census Tract 270; Queens County; New York,Queens,136,45,26,33.1,19.1
1400000US36081081800,Census Tract 818; Queens County; New York,Queens,293,78,56,26.6,19.1
1400000US36081051200,Census Tract 512; Queens County; New York,Queens,156,59,30,37.8,19.2
1400000US36081053401,Census Tract 534.01; Queens County; New York,Queens,125,35,24,28.0,19.2
1400000US36081068300,Census Tract 683; Queens County; New York,Queens,850,349,164,41.1,19.3
1400000US36081004700,Census Tract 47; Queens County; New York,Queens,1713,724,330,42.3,19.3
1400000US36081051500,Census Tract 515; Queens County; New York,Queens,222,107,43,48.2,19.4
1400000US36081025900,Census Tract 259; Queens County; New York,Queens,1042,678,202,65.1,19.4
1400000US36081050201,Census Tract 502.01; Queens County; New York,Queens,175,80,34,45.7,19.4
1400000US36081055100,Census Tract 551; Queens County; New York,Queens,1492,525,289,35.2,19.4
1400000US36081006202,Census Tract 62.02; Queens County; New York,Queens,1177,431,229,36.6,19.5
1400000US36081063500,Census Tract 635; Queens County; New York,Queens,354,227,69,64.1,19.5
1400000US36081018000,Census Tract 180; Queens County; New York,Queens,142,82,28,57.7,19.7
1400000US36081005700,Census Tract 57; Queens County; New York,Queens,1656,633,327,38.2,19.7
1400000US36081040702,Census Tract 407.02; Queens County; New York,Queens,806,376,159,46.7,19.7
1400000US36081062500,Census Tract 625; Queens County; New York,Queens,396,159,78,40.2,19.7
1400000US36081079701,Census Tract 797.01; Queens County; New York,Queens,2177,980,431,45.0,19.8
1400000US36081093402,Census Tract 934.02; Queens County; New York,Queens,886,286,175,32.3,19.8
1400000US36081140902,Census Tract 1409.02; Queens County; New York,Queens,248,70,49,28.2,19.8
1400000US36081016300,Census Tract 163; Queens County; New York,Queens,1572,740,311,47.1,19.8
1400000US36081045700,Census Tract 457; Queens County; New York,Queens,797,490,158,61.5,19.8
1400000US36081025700,Census Tract 257; Queens County; New York,Queens,375,128,75,34.1,20.0
1400000US36081027701,Census Tract 277.01; Queens County; New York,Queens,1020,513,204,50.3,20.0
1400000US36081002500,Census Tract 25; Queens County; New York,Queens,3322,1509,663,45.4,20.0
1400000US36081016600,Census Tract 166; Queens County; New York,Queens,367,281,74,76.6,20.2
1400000US36081109900,Census Tract 1099; Queens County; New York,Queens,326,194,66,59.5,20.2
1400000US36081085300,Census Tract 853; Queens County; New York,Queens,1203,707,243,58.8,20.2
1400000US36081148300,Census Tract 1483; Queens County; New York,Queens,69,14,14,20.3,20.3
1400000US36081101002,Census Tract 1010.02; Queens County; New York,Queens,957,541,194,56.5,20.3
1400000US36081069701,Census Tract 697.01; Queens County; New York,Queens,1423,645,290,45.3,20.4
1400000US36081157902,Census Tract 1579.02; Queens County; New York,Queens,54,19,11,35.2,20.4
1400000US36081001000,Census Tract 10; Queens County; New York,Queens,541,296,111,54.7,20.5
1400000US36081047200,Census Tract 472; Queens County; New York,Queens,610,234,125,38.4,20.5
1400000US36081071304,Census Tract 713.04; Queens County; New York,Queens,1646,681,338,41.4,20.5
1400000US36081011800,Census Tract 118; Queens County; New York,Queens,498,350,102,70.3,20.5
1400000US36081015400,Census Tract 154; Queens County; New York,Queens,297,168,61,56.6,20.5
1400000US36081118900,Census Tract 1189; Queens County; New York,Queens,569,448,117,78.7,20.6
1400000US36081019000,Census Tract 190; Queens County; New York,Queens,213,116,44,54.5,20.7
1400000US36081066501,Census Tract 665.01; Queens County; New York,Queens,692,248,143,35.8,20.7
1400000US36081070700,Census Tract 707; Queens County; New York,Queens,179,79,37,44.1,20.7
1400000US36081126700,Census Tract 1267; Queens County; New York,Queens,225,70,47,31.1,20.9
1400000US36081103202,Census Tract 1032.02; Queens County; New York,Queens,1632,948,345,58.1,21.1
1400000US36081157101,Census Tract 1571.01; Queens County; New York,Queens,749,461,159,61.5,21.2
1400000US36081070900,Census Tract 709; Queens County; New York,Queens,561,301,120,53.7,21.4
1400000US36081059300,Census Tract 593; Queens County; New York,Queens,1077,339,231,31.5,21.4
1400000US36081027702,Census Tract 277.02; Queens County; New York,Queens,674,367,144,54.5,21.4
1400000US36081155104,Census Tract 1551.04; Queens County; New York,Queens,602,181,129,30.1,21.4
1400000US36081007100,Census Tract 71; Queens County; New York,Queens,1753,721,376,41.1,21.4
1400000US36081000600,Census Tract 6; Queens County; New York,Queens,504,169,109,33.5,21.6
1400000US36081005900,Census Tract 59; Queens County; New York,Queens,1732,808,376,46.7,21.7
1400000US36081074100,Census Tract 741; Queens County; New York,Queens,624,300,136,48.1,21.8
1400000US36081002800,Census Tract 28; Queens County; New York,Queens,594,246,130,41.4,21.9
1400000US36081014800,Census Tract 148; Queens County; New York,Queens,228,59,50,25.9,21.9
1400000US36081011400,Census Tract 114; Queens County; New York,Queens,274,151,60,55.1,21.9
1400000US36081013200,Census Tract 132; Queens County; New York,Queens,452,179,99,39.6,21.9
1400000US36081065900,Census Tract 659; Queens County; New York,Queens,123,27,27,22.0,22.0
1400000US36081013500,Census Tract 135; Queens County; New York,Queens,246,96,54,39.0,22.0
1400000US36081046100,Census Tract 461; Queens County; New York,Queens,531,264,117,49.7,22.0
1400000US36081073900,Census Tract 739; Queens County; New York,Queens,1525,632,337,41.4,22.1
1400000US36081046901,Census Tract 469.01; Queens County; New York,Queens,1058,581,234,54.9,22.1
1400000US36081004401,Census Tract 44.01; Queens County; New York,Queens,552,211,122,38.2,22.1
1400000US36081008800,Census Tract 88; Queens County; New York,Queens,462,192,102,41.6,22.1
1400000US36081101003,Census Tract 1010.03; Queens County; New York,Queens,1140,395,253,34.6,22.2
1400000US36081144100,Census Tract 1441; Queens County; New York,Queens,261,88,58,33.7,22.2
1400000US36081085900,Census Tract 859; Queens County; New York,Queens,1202,596,267,49.6,22.2
1400000US36081060100,Census Tract 601; Queens County; New York,Queens,424,242,94,57.1,22.2
1400000US36081046700,Census Tract 467; Queens County; New York,Queens,1831,1049,406,57.3,22.2
1400000US36081023600,Census Tract 236; Queens County; New York,Queens,969,480,216,49.5,22.3
1400000US36081029400,Census Tract 294; Queens County; New York,Queens,1262,720,282,57.1,22.3
1400000US36081028700,Census Tract 287; Queens County; New York,Queens,2033,785,456,38.6,22.4
1400000US36081003100,Census Tract 31; Queens County; New York,Queens,746,327,167,43.8,22.4
1400000US36081026502,Census Tract 265.02; Queens County; New York,Queens,352,203,79,57.7,22.4
1400000US36081008500,Census Tract 85; Queens County; New York,Queens,391,177,88,45.3,22.5
1400000US36081018102,Census Tract 181.02; Queens County; New York,Queens,1486,776,335,52.2,22.5
1400000US36081045900,Census Tract 459; Queens County; New York,Queens,646,430,146,66.6,22.6
1400000US36081066401,Census Tract 664.01; Queens County; New York,Queens,225,146,51,64.9,22.7
1400000US36081018101,Census Tract 181.01; Queens County; New York,Queens,1625,884,370,54.4,22.8
1400000US36081018501,Census Tract 185.01; Queens County; New York,Queens,972,427,223,43.9,22.9
1400000US36081096400,Census Tract 964; Queens County; New York,Queens,1006,503,231,50.0,23.0
1400000US36081025301,Census Tract 253.01; Queens County; New York,Queens,1548,868,356,56.1,23.0
1400000US36081015801,Census Tract 158.01; Queens County; New York,Queens,381,175,88,45.9,23.1
1400000US36081029700,Census Tract 297; Queens County; New York,Queens,432,207,100,47.9,23.1
1400000US36081010800,Census Tract 108; Queens County; New York,Queens,212,149,49,70.3,23.1
1400000US36081098700,Census Tract 987; Queens County; New York,Queens,347,118,80,34.0,23.1
1400000US36081024900,Census Tract 249; Queens County; New York,Queens,1866,1193,432,63.9,23.2
1400000US36081026600,Census Tract 266; Queens County; New York,Queens,455,196,106,43.1,23.3
1400000US36081077903,Census Tract 779.03; Queens County; New York,Queens,471,184,110,39.1,23.4
1400000US36081023501,Census Tract 235.01; Queens County; New York,Queens,1497,750,351,50.1,23.4
1400000US36081051100,Census Tract 511; Queens County; New York,Queens,213,123,50,57.7,23.5
1400000US36081067900,Census Tract 679; Queens County; New York,Queens,1338,619,314,46.3,23.5
1400000US36081040502,Census Tract 405.02; Queens County; New York,Queens,426,190,100,44.6,23.5
1400000US36081010500,Census Tract 105; Queens County; New York,Queens,1614,843,381,52.2,23.6
1400000US36081134702,Census Tract 1347.02; Queens County; New York,Queens,1167,520,276,44.6,23.7
1400000US36081122704,Census Tract 1227.04; Queens County; New York,Queens,1104,417,262,37.8,23.7
1400000US36081052100,Census Tract 521; Queens County; New York,Queens,302,148,72,49.0,23.8
1400000US36081093800,Census Tract 938; Queens County; New York,Queens,1699,718,405,42.3,23.8
1400000US36081013700,Census Tract 137; Queens County; New York,Queens,669,250,159,37.4,23.8
1400000US36081097205,Census Tract 972.05; Queens County; New York,Queens,1294,572,309,44.2,23.9
1400000US36081064600,Census Tract 646; Queens County; New York,Queens,180,80,43,44.4,23.9
1400000US36081079200,Census Tract 792; Queens County; New York,Queens,422,181,101,42.9,23.9
1400000US36081055400,Census Tract 554; Queens County; New York,Queens,341,158,82,46.3,24.0
1400000US36081071305,Census Tract 713.05; Queens County; New York,Queens,1983,883,475,44.5,24.0
1400000US36081003302,Census Tract 33.02; Queens County; New York,Queens,344,115,83,33.4,24.1
1400000US36081136700,Census Tract 1367; Queens County; New York,Queens,747,472,180,63.2,24.1
1400000US36081066301,Census Tract 663.01; Queens County; New York,Queens,157,56,38,35.7,24.2
1400000US36081054500,Census Tract 545; Queens County; New York,Queens,1073,634,261,59.1,24.3
1400000US36081011900,Census Tract 119; Queens County; New York,Queens,625,290,152,46.4,24.3
1400000US36081027302,Census Tract 273.02; Queens County; New York,Queens,969,579,235,59.8,24.3
1400000US36081054000,Census Tract 540; Queens County; New York,Queens,542,185,132,34.1,24.4
1400000US36081048500,Census Tract 485; Queens County; New York,Queens,808,480,197,59.4,24.4
1400000US36081049201,Census Tract 492.01; Queens County; New York,Queens,1200,564,294,47.0,24.5
1400000US36081077905,Census Tract 779.05; Queens County; New York,Queens,473,206,116,43.6,24.5
1400000US36081057700,Census Tract 577; Queens County; New York,Queens,1100,545,271,49.5,24.6
1400000US36081051000,Census Tract 510; Queens County; New York,Queens,122,40,30,32.8,24.6
1400000US36081140300,Census Tract 1403; Queens County; New York,Queens,93,37,23,39.8,24.7
1400000US36081014300,Census Tract 143; Queens County; New York,Queens,1439,778,356,54.1,24.7
1400000US36081026501,Census Tract 265.01; Queens County; New York,Queens,1045,495,258,47.4,24.7
1400000US36081118100,Census Tract 1181; Queens County; New York,Queens,444,176,110,39.6,24.8
1400000US36081077500,Census Tract 775; Queens County; New York,Queens,816,436,202,53.4,24.8
1400000US36081041400,Census Tract 414; Queens County; New York,Queens,670,280,167,41.8,24.9
1400000US36081111300,Census Tract 1113; Queens County; New York,Queens,308,125,77,40.6,25.0
1400000US36081112300,Census Tract 1123; Queens County; New York,Queens,576,225,144,39.1,25.0
1400000US36081092200,Census Tract 922; Queens County; New York,Queens,76,27,19,35.5,25.0
1400000US36081002400,Census Tract 24; Queens County; New York,Queens,336,188,84,56.0,25.0
1400000US36081146300,Census Tract 1463; Queens County; New York,Queens,574,292,144,50.9,25.1
1400000US36081015300,Census Tract 153; Queens County; New York,Queens,748,357,188,47.7,25.1
1400000US36081025800,Census Tract 258; Queens County; New York,Queens,199,113,50,56.8,25.1
1400000US36081034700,Census Tract 347; Queens County; New York,Queens,630,452,158,71.7,25.1
1400000US36081014201,Census Tract 142.01; Queens County; New York,Queens,805,353,202,43.9,25.1
1400000US36081049600,Census Tract 496; Queens County; New York,Queens,115,65,29,56.5,25.2
1400000US36081005300,Census Tract 53; Queens County; New York,Queens,2017,817,511,40.5,25.3
1400000US36081020500,Census Tract 205; Queens County; New York,Queens,178,128,45,71.9,25.3
1400000US36081099704,Census Tract 997.04; Queens County; New York,Queens,1055,483,268,45.8,25.4
1400000US36081019200,Census Tract 192; Queens County; New York,Queens,173,93,44,53.8,25.4
1400000US36081040501,Census Tract 405.01; Queens County; New York,Queens,224,73,57,32.6,25.4
1400000US36081045500,Census Tract 455; Queens County; New York,Queens,4493,2322,1142,51.7,25.4
1400000US36081033403,Census Tract 334.03; Queens County; New York,Queens,1974,930,503,47.1,25.5
1400000US36081049900,Census Tract 499; Queens County; New York,Queens,785,378,200,48.2,25.5
1400000US36081040902,Census Tract 409.02; Queens County; New York,Queens,612,292,156,47.7,25.5
1400000US36081050500,Census Tract 505; Queens County; New York,Queens,330,158,85,47.9,25.8
1400000US36081039400,Census Tract 394; Queens County; New York,Queens,452,199,117,44.0,25.9
1400000US36081045400,Census Tract 454; Queens County; New York,Queens,931,324,241,34.8,25.9
1400000US36081038100,Census Tract 381; Queens County; New York,Queens,1119,783,291,70.0,26.0
1400000US36081005500,Census Tract 55; Queens County; New York,Queens,507,207,132,40.8,26.0
1400000US36081015100,Census Tract 151; Queens County; New York,Queens,910,508,237,55.8,26.0
1400000US36081019400,Census Tract 194; Queens County; New York,Queens,154,68,40,44.2,26.0
1400000US36081050000,Census Tract 500; Queens County; New York,Queens,1420,693,369,48.8,26.0
1400000US36081113900,Census Tract 1139; Queens County; New York,Queens,836,321,218,38.4,26.1
1400000US36081030906,Census Tract 309.06; Queens County; New York,Queens,983,600,258,61.0,26.2
1400000US36081129102,Census Tract 1291.02; Queens County; New York,Queens,38,10,10,26.3,26.3
1400000US36081046902,Census Tract 469.02; Queens County; New York,Queens,911,537,240,58.9,26.3
1400000US36081016800,Census Tract 168; Queens County; New York,Queens,262,99,69,37.8,26.3
1400000US36081027900,Census Tract 279; Queens County; New York,Queens,1726,894,455,51.8,26.4
1400000US36081033000,Census Tract 330; Queens County; New York,Queens,583,308,154,52.8,26.4
1400000US36081000800,Census Tract 8; Queens County; New York,Queens,375,114,99,30.4,26.4
1400000US36081026300,Census Tract 263; Queens County; New York,Queens,1607,727,425,45.2,26.4
1400000US36081031700,Census Tract 317; Queens County; New York,Queens,1051,478,279,45.5,26.5
1400000US36081037900,Census Tract 379; Queens County; New York,Queens,1185,651,314,54.9,26.5
1400000US36081021200,Census Tract 212; Queens County; New York,Queens,521,289,138,55.5,26.5
1400000US36081037600,Census Tract 376; Queens County; New York,Queens,607,339,161,55.8,26.5
1400000US36081053100,Census Tract 531; Queens County; New York,Queens,653,439,173,67.2,26.5
1400000US36081007500,Census Tract 75; Queens County; New York,Queens,2081,793,552,38.1,26.5
1400000US36081088902,Census Tract 889.02; Queens County; New York,Queens,1637,980,436,59.9,26.6
1400000US36081071306,Census Tract 713.06; Queens County; New York,Queens,2422,1294,645,53.4,26.6
1400000US36081026902,Census Tract 269.02; Queens County; New York,Queens,1103,664,293,60.2,26.6
1400000US36081059501,Census Tract 595.01; Queens County; New York,Queens,539,279,144,51.8,26.7
1400000US36081033401,Census Tract 334.01; Queens County; New York,Queens,887,667,237,75.2,26.7
1400000US36081068000,Census Tract 680; Queens County; New York,Queens,356,161,95,45.2,26.7
1400000US36081129104,Census Tract 1291.04; Queens County; New York,Queens,355,108,95,30.4,26.8
1400000US36081129103,Census Tract 1291.03; Queens County; New York,Queens,656,243,176,37.0,26.8
1400000US36081103300,Census Tract 1033; Queens County; New York,Queens,448,215,120,48.0,26.8
1400000US36081026000,Census Tract 260; Queens County; New York,Queens,499,363,134,72.7,26.9
1400000US36081074700,Census Tract 747; Queens County; New York,Queens,633,275,170,43.4,26.9
1400000US36081007300,Census Tract 73; Queens County; New York,Queens,1738,669,470,38.5,27.0
1400000US36081052500,Census Tract 525; Queens County; New York,Queens,373,181,101,48.5,27.1
1400000US36081003900,Census Tract 39; Queens County; New York,Queens,468,328,127,70.1,27.1
1400000US36081059800,Census Tract 598; Queens County; New York,Queens,218,103,59,47.2,27.1
1400000US36081012800,Census Tract 128; Queens County; New York,Queens,354,185,96,52.3,27.1
1400000US36081063000,Census Tract 630; Queens County; New York,Queens,81,52,22,64.2,27.2
1400000US36081061601,Census Tract 616.01; Queens County; New York,Queens,66,18,18,27.3,27.3
1400000US36081055300,Census Tract 553; Queens County; New York,Queens,959,446,263,46.5,27.4
1400000US36081011500,Census Tract 115; Queens County; New York,Queens,1020,424,281,41.6,27.5
1400000US36081018700,Census Tract 187; Queens County; New York,Queens,633,312,174,49.3,27.5
1400000US36081052600,Census Tract 526; Queens County; New York,Queens,250,81,69,32.4,27.6
1400000US36081021400,Census Tract 214; Queens County; New York,Queens,1466,737,404,50.3,27.6
1400000US36081104700,Census Tract 1047; Queens County; New York,Queens,1063,663,294,62.4,27.7
1400000US36081044400,Census Tract 444; Queens County; New York,Queens,1101,627,305,56.9,27.7
1400000US36081027800,Census Tract 278; Queens County; New York,Queens,558,266,155,47.7,27.8
1400000US36081027500,Census Tract 275; Queens County; New York,Queens,1433,551,400,38.5,27.9
1400000US36081134100,Census Tract 1341; Queens County; New York,Queens,477,250,133,52.4,27.9
1400000US36081046300,Census Tract 463; Queens County; New York,Queens,874,674,245,77.1,28.0
1400000US36081036100,Census Tract 361; Queens County; New York,Queens,465,257,131,55.3,28.2
1400000US36081049301,Census Tract 493.01; Queens County; New York,Queens,348,105,98,30.2,28.2
1400000US36081058900,Census Tract 589; Queens County; New York,Queens,1690,871,476,51.5,28.2
1400000US36081047801,Census Tract 478.01; Queens County; New York,Queens,571,183,162,32.0,28.4
1400000US36081003800,Census Tract 38; Queens County; New York,Queens,388,194,110,50.0,28.4
1400000US36081056700,Census Tract 567; Queens County; New York,Queens,536,194,152,36.2,28.4
1400000US36081014000,Census Tract 140; Queens County; New York,Queens,962,458,274,47.6,28.5
1400000US36081161700,Census Tract 1617; Queens County; New York,Queens,312,180,89,57.7,28.5
1400000US36081028300,Census Tract 283; Queens County; New York,Queens,2157,959,615,44.5,28.5
1400000US36081101700,Census Tract 1017; Queens County; New York,Queens,193,55,55,28.5,28.5
1400000US36081043900,Census Tract 439; Queens County; New York,Queens,937,555,267,59.2,28.5
1400000US36081040302,Census Tract 403.02; Queens County; New York,Queens,797,359,228,45.0,28.6
1400000US36081000702,Census Tract 7.02; Queens County; New York,Queens,1672,731,478,43.7,28.6
1400000US36081037700,Census Tract 377; Queens County; New York,Queens,762,443,218,58.1,28.6
1400000US36081042700,Census Tract 427; Queens County; New York,Queens,1073,454,308,42.3,28.7
1400000US36081125700,Census Tract 1257; Queens County; New York,Queens,373,188,107,50.4,28.7
1400000US36081015700,Census Tract 157; Queens County; New York,Queens,709,409,204,57.7,28.8
1400000US36081046200,Census Tract 462; Queens County; New York,Queens,1550,1147,446,74.0,28.8
1400000US36081056200,Census Tract 562; Queens County; New York,Queens,73,51,21,69.9,28.8
1400000US36081061301,Census Tract 613.01; Queens County; New York,Queens,1324,713,385,53.9,29.1
1400000US36081028802,Census Tract 288.02; Queens County; New York,Queens,213,137,62,64.3,29.1
1400000US36081015600,Census Tract 156; Queens County; New York,Queens,253,126,74,49.8,29.2
1400000US36081053501,Census Tract 535.01; Queens County; New York,Queens,339,220,100,64.9,29.5
1400000US36081086300,Census Tract 863; Queens County; New York,Queens,1641,1062,485,64.7,29.6
1400000US36081116700,Census Tract 1167; Queens County; New York,Queens,533,271,158,50.8,29.6
1400000US36081046800,Census Tract 468; Queens County; New York,Queens,594,210,177,35.4,29.8
1400000US36081004300,Census Tract 43; Queens County; New York,Queens,1008,530,301,52.6,29.9
1400000US36081134701,Census Tract 1347.01; Queens County; New York,Queens,1839,932,552,50.7,30.0
1400000US36081037502,Census Tract 375.02; Queens County; New York,Queens,603,401,181,66.5,30.0
1400000US36081081400,Census Tract 814; Queens County; New York,Queens,160,113,48,70.6,30.0
1400000US36081117500,Census Tract 1175; Queens County; New York,Queens,931,607,279,65.2,30.0
1400000US36081144700,Census Tract 1447; Queens County; New York,Queens,418,222,126,53.1,30.1
1400000US36081099100,Census Tract 991; Queens County; New York,Queens,286,172,86,60.1,30.1
1400000US36081101004,Census Tract 1010.04; Queens County; New York,Queens,2008,1154,606,57.5,30.2
1400000US36081074500,Census Tract 745; Queens County; New York,Queens,1404,572,426,40.7,30.3
1400000US36081066900,Census Tract 669; Queens County; New York,Queens,312,177,95,56.7,30.4
1400000US36081047300,Census Tract 473; Queens County; New York,Queens,1095,589,333,53.8,30.4
1400000US36081015200,Census Tract 152; Queens County; New York,Queens,406,199,124,49.0,30.5
1400000US36081074300,Census Tract 743; Queens County; New York,Queens,934,718,285,76.9,30.5
1400000US36081086400,Census Tract 864; Queens County; New York,Queens,331,130,101,39.3,30.5
1400000US36081000200,Census Tract 2; Queens County; New York,Queens,461,282,141,61.2,30.6
1400000US36081028500,Census Tract 285; Queens County; New York,Queens,778,324,239,41.6,30.7
1400000US36081017600,Census Tract 176; Queens County; New York,Queens,199,61,61,30.7,30.7
1400000US36081008700,Census Tract 87; Queens County; New York,Queens,1686,819,520,48.6,30.8
1400000US36081077908,Census Tract 779.08; Queens County; New York,Queens,1113,615,343,55.3,30.8
1400000US36081047900,Census Tract 479; Queens County; New York,Queens,1303,777,402,59.6,30.9
1400000US36081099802,Census Tract 998.02; Queens County; New York,Queens,2563,1373,795,53.6,31.0
1400000US36081115100,Census Tract 1151; Queens County; New York,Queens,61,19,19,31.1,31.1
1400000US36081018800,Census Tract 188; Queens County; New York,Queens,128,73,40,57.0,31.3
1400000US36081066000,Census Tract 660; Queens County; New York,Queens,501,257,157,51.3,31.3
1400000US36081040701,Census Tract 407.01; Queens County; New York,Queens,704,365,220,51.8,31.3
1400000US36081018600,Census Tract 186; Queens County; New York,Queens,201,71,63,35.3,31.3
1400000US36081086100,Census Tract 861; Queens County; New York,Queens,385,244,121,63.4,31.4
1400000US36081063302,Census Tract 633.02; Queens County; New York,Queens,223,100,70,44.8,31.4
1400000US36081085700,Census Tract 857; Queens County; New York,Queens,1526,806,479,52.8,31.4
1400000US36081118700,Census Tract 1187; Queens County; New York,Queens,531,276,167,52.0,31.5
1400000US36081040901,Census Tract 409.01; Queens County; New York,Queens,282,152,89,53.9,31.6
1400000US36081055900,Census Tract 559; Queens County; New York,Queens,316,191,100,60.4,31.6
1400000US36081015802,Census Tract 158.02; Queens County; New York,Queens,629,324,199,51.5,31.6
1400000US36081083800,Census Tract 838; Queens County; New York,Queens,576,352,182,61.1,31.6
1400000US36081122300,Census Tract 1223; Queens County; New York,Queens,277,146,88,52.7,31.8
1400000US36081150702,Census Tract 1507.02; Queens County; New York,Queens,308,144,98,46.8,31.8
1400000US36081080900,Census Tract 809; Queens County; New York,Queens,604,401,192,66.4,31.8
1400000US36081058200,Census Tract 582; Queens County; New York,Queens,332,196,106,59.0,31.9
1400000US36081029500,Census Tract 295; Queens County; New York,Queens,645,398,207,61.7,32.1
1400000US36081051300,Census Tract 513; Queens County; New York,Queens,280,142,90,50.7,32.1
1400000US36081155101,Census Tract 1551.01; Queens County; New York,Queens,84,62,27,73.8,32.1
1400000US36081012200,Census Tract 122; Queens County; New York,Queens,274,179,88,65.3,32.1
1400000US36081044301,Census Tract 443.01; Queens County; New York,Queens,1300,719,418,55.3,32.2
1400000US36081019800,Census Tract 198; Queens County; New York,Queens,666,374,215,56.2,32.3
1400000US36081077904,Census Tract 779.04; Queens County; New York,Queens,1241,511,401,41.2,32.3
1400000US36081103201,Census Tract 1032.01; Queens County; New York,Queens,1676,1028,543,61.3,32.4
1400000US36081048100,Census Tract 481; Queens County; New York,Queens,1392,696,451,50.0,32.4
1400000US36081036300,Census Tract 363; Queens County; New York,Queens,449,252,146,56.1,32.5
1400000US36081115700,Census Tract 1157; Queens County; New York,Queens,595,405,194,68.1,32.6
1400000US36081050700,Census Tract 507; Queens County; New York,Queens,604,300,197,49.7,32.6
1400000US36081033404,Census Tract 334.04; Queens County; New York,Queens,2530,1066,824,42.1,32.6
1400000US36081145101,Census Tract 1451.01; Queens County; New York,Queens,153,69,50,45.1,32.7
1400000US36081099705,Census Tract 997.05; Queens County; New York,Queens,250,122,82,48.8,32.8
1400000US36081099200,Census Tract 992; Queens County; New York,Queens,1308,753,429,57.6,32.8
1400000US36081046500,Census Tract 465; Queens County; New York,Queens,801,390,264,48.7,33.0
1400000US36081120300,Census Tract 1203; Queens County; New York,Queens,261,86,86,33.0,33.0
1400000US36081084901,Census Tract 849.01; Queens County; New York,Queens,934,434,308,46.5,33.0
1400000US36081059900,Census Tract 599; Queens County; New York,Queens,121,86,40,71.1,33.1
1400000US36081092900,Census Tract 929; Queens County; New York,Queens,1055,549,349,52.0,33.1
1400000US36081045800,Census Tract 458; Queens County; New York,Queens,392,276,130,70.4,33.2
1400000US36081047802,Census Tract 478.02; Queens County; New York,Queens,156,62,52,39.7,33.3
1400000US36081089201,Census Tract 892.01; Queens County; New York,Queens,338,181,113,53.6,33.4
1400000US36081087100,Census Tract 871; Queens County; New York,Queens,1903,1210,639,63.6,33.6
1400000US36081079702,Census Tract 797.02; Queens County; New York,Queens,1357,704,456,51.9,33.6
1400000US36081045200,Census Tract 452; Queens County; New York,Queens,92,37,31,40.2,33.7
1400000US36081027101,Census Tract 271.01; Queens County; New York,Queens,1255,798,425,63.6,33.9
1400000US36081053200,Census Tract 532; Queens County; New York,Queens,109,52,37,47.7,33.9
1400000US36081016100,Census Tract 161; Queens County; New York,Queens,567,319,192,56.3,33.9
1400000US36081007900,Census Tract 79; Queens County; New York,Queens,856,432,290,50.5,33.9
1400000US36081052800,Census Tract 528; Queens County; New York,Queens,229,101,78,44.1,34.1
1400000US36081068700,Census Tract 687; Queens County; New York,Queens,1321,764,452,57.8,34.2
1400000US36081062100,Census Tract 621; Queens County; New York,Queens,453,273,156,60.3,34.4
1400000US36081012000,Census Tract 120; Queens County; New York,Queens,378,274,130,72.5,34.4
1400000US36081015900,Census Tract 159; Queens County; New York,Queens,1612,845,555,52.4,34.4
1400000US36081065600,Census Tract 656; Queens County; New York,Queens,637,281,219,44.1,34.4
1400000US36081004001,Census Tract 40.01; Queens County; New York,Queens,393,224,135,57.0,34.4
1400000US36081049302,Census Tract 493.02; Queens County; New York,Queens,502,297,173,59.2,34.5
1400000US36081056800,Census Tract 568; Queens County; New York,Queens,594,346,205,58.2,34.5
1400000US36081044302,Census Tract 443.02; Queens County; New York,Queens,981,458,338,46.7,34.5
1400000US36081048900,Census Tract 489; Queens County; New York,Queens,324,209,112,64.5,34.6
1400000US36081059000,Census Tract 590; Queens County; New York,Queens,81,56,28,69.1,34.6
1400000US36081030905,Census Tract 309.05; Queens County; New York,Queens,826,430,286,52.1,34.6
1400000US36081028900,Census Tract 289; Queens County; New York,Queens,1522,661,528,43.4,34.7
1400000US36081088400,Census Tract 884; Queens County; New York,Queens,999,604,347,60.5,34.7
1400000US36081073100,Census Tract 731; Queens County; New York,Queens,152,86,53,56.6,34.9
1400000US36081009400,Census Tract 94; Queens County; New York,Queens,393,237,137,60.3,34.9
1400000US36081115900,Census Tract 1159; Queens County; New York,Queens,951,612,332,64.4,34.9
1400000US36081010200,Census Tract 102; Queens County; New York,Queens,347,159,121,45.8,34.9
1400000US36081050400,Census Tract 504; Queens County; New York,Queens,195,80,68,41.0,34.9
1400000US36081013800,Census Tract 138; Queens County; New York,Queens,660,369,232,55.9,35.2
1400000US36081039901,Census Tract 399.01; Queens County; New York,Queens,348,135,123,38.8,35.3
1400000US36081147900,Census Tract 1479; Queens County; New York,Queens,700,482,248,68.9,35.4
1400000US36081050600,Census Tract 506; Queens County; New York,Queens,113,52,40,46.0,35.4
1400000US36081061800,Census Tract 618; Queens County; New York,Queens,143,59,51,41.3,35.7
1400000US36081015000,Census Tract 150; Queens County; New York,Queens,210,126,75,60.0,35.7
1400000US36081071900,Census Tract 719; Queens County; New York,Queens,802,558,287,69.6,35.8
1400000US36081050202,Census Tract 502.02; Queens County; New York,Queens,179,127,64,70.9,35.8
1400000US36081003200,Census Tract 32; Queens County; New York,Queens,215,122,77,56.7,35.8
1400000US36081032900,Census Tract 329; Queens County; New York,Queens,487,331,175,68.0,35.9
1400000US36081040101,Census Tract 401.01; Queens County; New York,Queens,453,272,163,60.0,36.0
1400000US36081094202,Census Tract 942.02; Queens County; New York,Queens,1388,738,500,53.2,36.0
1400000US36081011200,Census Tract 112; Queens County; New York,Queens,464,221,167,47.6,36.0
1400000US36081023502,Census Tract 235.02; Queens County; New York,Queens,1169,662,422,56.6,36.1
1400000US36081025402,Census Tract 254.02; Queens County; New York,Queens,1656,1064,599,64.3,36.2
1400000US36081094500,Census Tract 945; Queens County; New York,Queens,300,158,109,52.7,36.3
1400000US36081013400,Census Tract 134; Queens County; New York,Queens,1567,965,569,61.6,36.3
1400000US36081061900,Census Tract 619; Queens County; New York,Queens,758,423,275,55.8,36.3
1400000US36081023800,Census Tract 238; Queens County; New York,Queens,1419,805,516,56.7,36.4
1400000US36081041500,Census Tract 415; Queens County; New York,Queens,890,407,325,45.7,36.5
1400000US36081088903,Census Tract 889.03; Queens County; New York,Queens,320,188,117,58.8,36.6
1400000US36081118500,Census Tract 1185; Queens County; New York,Queens,516,349,189,67.6,36.6
1400000US36081027301,Census Tract 273.01; Queens County; New York,Queens,711,434,261,61.0,36.7
1400000US36081043200,Census Tract 432; Queens County; New York,Queens,79,57,29,72.2,36.7
1400000US36081138501,Census Tract 1385.01; Queens County; New York,Queens,729,405,268,55.6,36.8
1400000US36081032800,Census Tract 328; Queens County; New York,Queens,314,167,116,53.2,36.9
1400000US36081002600,Census Tract 26; Queens County; New York,Queens,195,110,72,56.4,36.9
1400000US36081071303,Census Tract 713.03; Queens County; New York,Queens,1661,958,613,57.7,36.9
1400000US36081084500,Census Tract 845; Queens County; New York,Queens,1909,1210,704,63.4,36.9
1400000US36081091900,Census Tract 919; Queens County; New York,Queens,733,490,271,66.8,37.0
1400000US36081028100,Census Tract 281; Queens County; New York,Queens,1312,741,486,56.5,37.0
1400000US36081039902,Census Tract 399.02; Queens County; New York,Queens,356,281,132,78.9,37.1
1400000US36081024000,Census Tract 240; Queens County; New York,Queens,2140,1402,794,65.5,37.1
1400000US36081102900,Census Tract 1029; Queens County; New York,Queens,815,420,302,51.5,37.1
1400000US36081009600,Census Tract 96; Queens County; New York,Queens,202,100,75,49.5,37.1
1400000US36081004200,Census Tract 42; Queens County; New York,Queens,636,452,236,71.1,37.1
1400000US36081044601,Census Tract 446.01; Queens County; New York,Queens,1029,578,384,56.2,37.3
1400000US36081085500,Census Tract 855; Queens County; New York,Queens,2206,1400,826,63.5,37.4
1400000US36081020800,Census Tract 208; Queens County; New York,Queens,1167,696,436,59.6,37.4
1400000US36081069702,Census Tract 697.02; Queens County; New York,Queens,337,175,126,51.9,37.4
1400000US36081044602,Census Tract 446.02; Queens County; New York,Queens,1327,853,497,64.3,37.5
1400000US36081033900,Census Tract 339; Queens County; New York,Queens,298,204,112,68.5,37.6
1400000US36081084902,Census Tract 849.02; Queens County; New York,Queens,1001,623,377,62.2,37.7
1400000US36081093900,Census Tract 939; Queens County; New York,Queens,1090,551,411,50.6,37.7
1400000US36081020600,Census Tract 206; Queens County; New York,Queens,298,251,113,84.2,37.9
1400000US36081072100,Census Tract 721; Queens County; New York,Queens,606,265,231,43.7,38.1
1400000US36081064500,Census Tract 645; Queens County; New York,Queens,351,190,134,54.1,38.2
1400000US36081069300,Census Tract 693; Queens County; New York,Queens,952,584,364,61.3,38.2
1400000US36081099801,Census Tract 998.01; Queens County; New York,Queens,1895,997,725,52.6,38.3
1400000US36081027400,Census Tract 274; Queens County; New York,Queens,112,54,43,48.2,38.4
1400000US36081120500,Census Tract 1205; Queens County; New York,Queens,683,380,263,55.6,38.5
1400000US36081065703,Census Tract 657.03; Queens County; New York,Queens,254,140,98,55.1,38.6
1400000US36081094700,Census Tract 947; Queens County; New York,Queens,425,164,164,38.6,38.6
1400000US36081041300,Census Tract 413; Queens County; New York,Queens,751,411,290,54.7,38.6
1400000US36081036800,Census Tract 368; Queens County; New York,Queens,163,118,63,72.4,38.7
1400000US36081094203,Census Tract 942.03; Queens County; New York,Queens,1565,830,608,53.0,38.8
1400000US36081077300,Census Tract 773; Queens County; New York,Queens,394,236,153,59.9,38.8
1400000US36081004002,Census Tract 40.02; Queens County; New York,Queens,236,156,92,66.1,39.0
1400000US36081027102,Census Tract 271.02; Queens County; New York,Queens,895,536,350,59.9,39.1
1400000US36081086900,Census Tract 869; Queens County; New York,Queens,693,370,271,53.4,39.1
1400000US36081095400,Census Tract 954; Queens County; New York,Queens,975,790,381,81.0,39.1
1400000US36081156700,Census Tract 1567; Queens County; New York,Queens,227,117,89,51.5,39.2
1400000US36081083700,Census Tract 837; Queens County; New York,Queens,606,326,238,53.8,39.3
1400000US36081047100,Census Tract 471; Queens County; New York,Queens,1257,883,494,70.2,39.3
1400000US36081046000,Census Tract 460; Queens County; New York,Queens,1508,946,593,62.7,39.3
1400000US36081043702,Census Tract 437.02; Queens County; New York,Queens,775,540,305,69.7,39.4
1400000US36081004500,Census Tract 45; Queens County; New York,Queens,315,199,124,63.2,39.4
1400000US36081071702,Census Tract 717.02; Queens County; New York,Queens,831,461,328,55.5,39.5
1400000US36081055200,Census Tract 552; Queens County; New York,Queens,486,318,192,65.4,39.5
1400000US36081044000,Census Tract 440; Queens County; New York,Queens,506,402,201,79.4,39.7
1400000US36081014900,Census Tract 149; Queens County; New York,Queens,921,557,366,60.5,39.7
1400000US36081018401,Census Tract 184.01; Queens County; New York,Queens,267,132,106,49.4,39.7
1400000US36081054800,Census Tract 548; Queens County; New York,Queens,145,94,58,64.8,40.0
1400000US36081044800,Census Tract 448; Queens County; New York,Queens,614,350,246,57.0,40.1
1400000US36081001400,Census Tract 14; Queens County; New York,Queens,716,344,288,48.0,40.2
1400000US36081026400,Census Tract 264; Queens County; New York,Queens,356,194,143,54.5,40.2
1400000US36081048400,Census Tract 484; Queens County; New York,Queens,525,330,212,62.9,40.4
1400000US36081059502,Census Tract 595.02; Queens County; New York,Queens,581,427,235,73.5,40.4
1400000US36081040000,Census Tract 400; Queens County; New York,Queens,111,45,45,40.5,40.5
1400000US36081037300,Census Tract 373; Queens County; New York,Queens,392,261,159,66.6,40.6
1400000US36081021602,Census Tract 216.02; Queens County; New York,Queens,322,197,131,61.2,40.7
1400000US36081119300,Census Tract 1193; Queens County; New York,Queens,327,212,133,64.8,40.7
1400000US36081003000,Census Tract 30; Queens County; New York,Queens,184,97,75,52.7,40.8
1400000US36081035100,Census Tract 351; Queens County; New York,Queens,613,392,250,63.9,40.8
1400000US36081062200,Census Tract 622; Queens County; New York,Queens,44,26,18,59.1,40.9
1400000US36081025302,Census Tract 253.02; Queens County; New York,Queens,1139,607,466,53.3,40.9
1400000US36081001800,Census Tract 18; Queens County; New York,Queens,384,237,157,61.7,40.9
1400000US36081117100,Census Tract 1171; Queens County; New York,Queens,607,326,250,53.7,41.2
1400000US36081005200,Census Tract 52; Queens County; New York,Queens,357,259,147,72.5,41.2
1400000US36081032000,Census Tract 320; Queens County; New York,Queens,448,270,185,60.3,41.3
1400000US36081092500,Census Tract 925; Queens County; New York,Queens,724,541,299,74.7,41.3
1400000US36081043701,Census Tract 437.01; Queens County; New York,Queens,633,345,262,54.5,41.4
1400000US36081028400,Census Tract 284; Queens County; New York,Queens,496,292,206,58.9,41.5
1400000US36081116100,Census Tract 1161; Queens County; New York,Queens,779,371,323,47.6,41.5
1400000US36081005400,Census Tract 54; Queens County; New York,Queens,553,341,231,61.7,41.8
1400000US36081079900,Census Tract 799; Queens County; New York,Queens,692,547,290,79.0,41.9
1400000US36081071701,Census Tract 717.01; Queens County; New York,Queens,1241,775,520,62.4,41.9
1400000US36081002200,Census Tract 22; Queens County; New York,Queens,452,224,190,49.6,42.0
1400000US36081019600,Census Tract 196; Queens County; New York,Queens,474,305,199,64.3,42.0
1400000US36081051800,Census Tract 518; Queens County; New York,Queens,83,56,35,67.5,42.2
1400000US36081066403,Census Tract 664.03; Queens County; New York,Queens,663,495,280,74.7,42.2
1400000US36081037100,Census Tract 371; Queens County; New York,Queens,192,99,81,51.6,42.2
1400000US36081059100,Census Tract 591; Queens County; New York,Queens,1854,1344,785,72.5,42.3
1400000US36081054200,Census Tract 542; Queens County; New York,Queens,243,186,103,76.5,42.4
1400000US36081060800,Census Tract 608; Queens County; New York,Queens,87,45,37,51.7,42.5
1400000US36081019901,Census Tract 199.01; Queens County; New York,Queens,68,56,29,82.4,42.6
1400000US36081147100,Census Tract 1471; Queens County; New York,Queens,423,214,180,50.6,42.6
1400000US36081017800,Census Tract 178; Queens County; New York,Queens,185,106,79,57.3,42.7
1400000US36081046600,Census Tract 466; Queens County; New York,Queens,1069,587,456,54.9,42.7
1400000US36081116301,Census Tract 1163.01; Queens County; New York,Queens,1355,890,580,65.7,42.8
1400000US36081145102,Census Tract 1451.02; Queens County; New York,Queens,221,143,95,64.7,43.0
1400000US36081080301,Census Tract 803.01; Queens County; New York,Queens,745,491,320,65.9,43.0
1400000US36081049700,Census Tract 497; Queens County; New York,Queens,476,261,206,54.8,43.3
1400000US36081026901,Census Tract 269.01; Queens County; New York,Queens,1316,772,572,58.7,43.5
1400000US36081126500,Census Tract 1265; Queens County; New York,Queens,262,130,114,49.6,43.5
1400000US36081016400,Census Tract 164; Queens County; New York,Queens,204,164,89,80.4,43.6
1400000US36081116302,Census Tract 1163.02; Queens County; New York,Queens,863,491,378,56.9,43.8
1400000US36081137700,Census Tract 1377; Queens County; New York,Queens,1012,637,447,62.9,44.2
1400000US36081011600,Census Tract 116; Queens County; New York,Queens,261,161,116,61.7,44.4
1400000US36081014400,Census Tract 144; Queens County; New York,Queens,431,198,192,45.9,44.5
1400000US36081023000,Census Tract 230; Queens County; New York,Queens,179,86,80,48.0,44.7
1400000US36081141700,Census Tract 1417; Queens County; New York,Queens,299,180,134,60.2,44.8
1400000US36081053800,Census Tract 538; Queens County; New York,Queens,91,48,41,52.7,45.1
1400000US36081097202,Census Tract 972.02; Queens County; New York,Queens,1300,825,586,63.5,45.1
1400000US36081130100,Census Tract 1301; Queens County; New York,Queens,235,135,107,57.4,45.5
1400000US36081011000,Census Tract 110; Queens County; New York,Queens,411,240,188,58.4,45.7
1400000US36081012601,Census Tract 126.01; Queens County; New York,Queens,344,217,159,63.1,46.2
1400000US36081002000,Census Tract 20; Queens County; New York,Queens,186,107,86,57.5,46.2
1400000US36081065702,Census Tract 657.02; Queens County; New York,Queens,273,135,126,49.5,46.2
1400000US36081119500,Census Tract 1195; Queens County; New York,Queens,164,85,76,51.8,46.3
1400000US36081086500,Census Tract 865; Queens County; New York,Queens,1708,1142,792,66.9,46.4
1400000US36081097300,Census Tract 973; Queens County; New York,Queens,127,120,60,94.5,47.2
1400000US36081017000,Census Tract 170; Queens County; New York,Queens,152,95,72,62.5,47.4
1400000US36081014202,Census Tract 142.02; Queens County; New York,Queens,293,147,140,50.2,47.8
1400000US36081024700,Census Tract 247; Queens County; New York,Queens,380,290,182,76.3,47.9
1400000US36081003400,Census Tract 34; Queens County; New York,Queens,386,239,185,61.9,47.9
1400000US36081026700,Census Tract 267; Queens County; New York,Queens,2187,1264,1053,57.8,48.1
1400000US36081027600,Census Tract 276; Queens County; New York,Queens,124,89,60,71.8,48.4
1400000US36081103900,Census Tract 1039; Queens County; New York,Queens,787,503,381,63.9,48.4
1400000US36081051600,Census Tract 516; Queens County; New York,Queens,179,117,87,65.4,48.6
1400000US36081028200,Census Tract 282; Queens County; New York,Queens,222,144,109,64.9,49.1
1400000US36081008600,Census Tract 86; Queens County; New York,Queens,306,177,151,57.8,49.3
1400000US36081084000,Census Tract 840; Queens County; New York,Queens,304,173,150,56.9,49.3
1400000US36081100803,Census Tract 1008.03; Queens County; New York,Queens,714,423,356,59.2,49.9
1400000US36081036600,Census Tract 366; Queens County; New York,Queens,414,314,209,75.8,50.5
1400000US36081079000,Census Tract 790; Queens County; New York,Queens,412,254,211,61.7,51.2
1400000US36081018402,Census Tract 184.02; Queens County; New York,Queens,215,130,110,60.5,51.2
1400000US36081001600,Census Tract 16; Queens County; New York,Queens,283,197,146,69.6,51.6
1400000US36081030904,Census Tract 309.04; Queens County; New York,Queens,651,495,337,76.0,51.8
1400000US36081040200,Census Tract 402; Queens County; New York,Queens,110,96,57,87.3,51.8
1400000US36081060600,Census Tract 606; Queens County; New York,Queens,75,75,39,100.0,52.0
1400000US36081012400,Census Tract 124; Queens County; New York,Queens,540,325,282,60.2,52.2
1400000US36081056400,Census Tract 564; Queens County; New York,Queens,223,147,117,65.9,52.5
1400000US36081040301,Census Tract 403.01; Queens County; New York,Queens,737,642,387,87.1,52.5
1400000US36081029100,Census Tract 291; Queens County; New York,Queens,1731,1289,920,74.5,53.1
1400000US36081010400,Census Tract 104; Queens County; New York,Queens,416,271,224,65.1,53.8
1400000US36081055800,Census Tract 558; Queens County; New York,Queens,190,103,103,54.2,54.2
1400000US36081068200,Census Tract 682; Queens County; New York,Queens,99,73,54,73.7,54.5
1400000US36081006201,Census Tract 62.01; Queens County; New York,Queens,542,370,296,68.3,54.6
1400000US36081105900,Census Tract 1059; Queens County; New York,Queens,73,51,40,69.9,54.8
1400000US36081059600,Census Tract 596; Queens County; New York,Queens,78,43,43,55.1,55.1
1400000US36081059200,Census Tract 592; Queens County; New York,Queens,29,16,16,55.2,55.2
1400000US36081052200,Census Tract 522; Queens County; New York,Queens,123,97,68,78.9,55.3
1400000US36081017200,Census Tract 172; Queens County; New York,Queens,199,173,110,86.9,55.3
1400000US36081114100,Census Tract 1141; Queens County; New York,Queens,163,91,91,55.8,55.8
1400000US36081018200,Census Tract 182; Queens County; New York,Queens,250,193,141,77.2,56.4
1400000US36081061400,Census Tract 614; Queens County; New York,Queens,49,28,28,57.1,57.1
1400000US36081048000,Census Tract 480; Queens County; New York,Queens,260,222,149,85.4,57.3
1400000US36081119100,Census Tract 1191; Queens County; New York,Queens,572,404,330,70.6,57.7
1400000US36081009800,Census Tract 98; Queens County; New York,Queens,338,242,198,71.6,58.6
1400000US36081020200,Census Tract 202; Queens County; New York,Queens,121,100,72,82.6,59.5
1400000US36081078800,Census Tract 788; Queens County; New York,Queens,203,163,124,80.3,61.1
1400000US36081047000,Census Tract 470; Queens County; New York,Queens,473,344,297,72.7,62.8
1400000US36081056600,Census Tract 566; Queens County; New York,Queens,214,193,136,90.2,63.6
1400000US36081090700,Census Tract 907; Queens County; New York,Queens,136,96,87,70.6,64.0
1400000US36081077902,Census Tract 779.02; Queens County; New York,Queens,678,543,448,80.1,66.1
1400000US36081084602,Census Tract 846.02; Queens County; New York,Queens,68,61,45,89.7,66.2
1400000US36081109300,Census Tract 1093; Queens County; New York,Queens,54,45,38,83.3,70.4
1400000US36081026200,Census Tract 262; Queens County; New York,Queens,157,135,114,86.0,72.6
1400000US36081056000,Census Tract 560; Queens County; New York,Queens,82,72,61,87.8,74.4
1400000US36081139900,Census Tract 1399; Queens County; New York,Queens,47,41,35,87.2,74.5
1400000US36081127700,Census Tract 1277; Queens County; New York,Queens,117,88,88,75.2,75.2
1400000US36081091603,Census Tract 916.03; Queens County; New York,Queens,10,10,10,100.0,100.0
1400000US36085022802,Census Tract 228.02; Richmond County; New York,Staten Island,0,0,0,,
1400000US36085015400,Census Tract 154; Richmond County; New York,Staten Island,0,0,0,,
1400000US36085005902,Census Tract 59.02; Richmond County; New York,Staten Island,0,0,0,,
1400000US36085990100,Census Tract 9901; Richmond County; New York,Staten Island,0,0,0,,
1400000US36085022801,Census Tract 228.01; Richmond County; New York,Staten Island,6,0,0,0.0,0.0
1400000US36085009702,Census Tract 97.02; Richmond County; New York,Staten Island,4,4,0,100.0,0.0
1400000US36085018704,Census Tract 187.04; Richmond County; New York,Staten Island,172,14,0,8.1,0.0
1400000US36085015602,Census Tract 156.02; Richmond County; New York,Staten Island,130,39,0,30.0,0.0
1400000US36085013203,Census Tract 132.03; Richmond County; New York,Staten Island,559,247,0,44.2,0.0
1400000US36085017013,Census Tract 170.13; Richmond County; New York,Staten Island,235,204,8,86.8,3.4
1400000US36085025100,Census Tract 251; Richmond County; New York,Staten Island,557,386,23,69.3,4.1
1400000US36085017015,Census Tract 170.15; Richmond County; New York,Staten Island,192,41,8,21.4,4.2
1400000US36085014700,Census Tract 147; Richmond County; New York,Staten Island,402,205,18,51.0,4.5
1400000US36085024402,Census Tract 244.02; Richmond County; New York,Staten Island,234,100,13,42.7,5.6
1400000US36085013800,Census Tract 138; Richmond County; New York,Staten Island,261,16,16,6.1,6.1
1400000US36085001800,Census Tract 18; Richmond County; New York,Staten Island,146,17,12,11.6,8.2
1400000US36085009601,Census Tract 96.01; Richmond County; New York,Staten Island,718,242,62,33.7,8.6
1400000US36085015601,Census Tract 156.01; Richmond County; New York,Staten Island,679,273,59,40.2,8.7
1400000US36085007500,Census Tract 75; Richmond County; New York,Staten Island,505,289,48,57.2,9.5
1400000US36085022602,Census Tract 226.02; Richmond County; New York,Staten Island,376,319,39,84.8,10.4
1400000US36085029105,Census Tract 291.05; Richmond County; New York,Staten Island,515,152,55,29.5,10.7
1400000US36085006700,Census Tract 67; Richmond County; New York,Staten Island,443,172,48,38.8,10.8
1400000US36085012200,Census Tract 122; Richmond County; New York,Staten Island,369,163,43,44.2,11.7
1400000US36085004700,Census Tract 47; Richmond County; New York,Staten Island,386,221,46,57.3,11.9
1400000US36085017016,Census Tract 170.16; Richmond County; New York,Staten Island,299,107,36,35.8,12.0
1400000US36085027301,Census Tract 273.01; Richmond County; New York,Staten Island,277,62,35,22.4,12.6
1400000US36085019700,Census Tract 197; Richmond County; New York,Staten Island,79,27,10,34.2,12.7
1400000US36085018703,Census Tract 187.03; Richmond County; New York,Staten Island,303,162,41,53.5,13.5
1400000US36085014607,Census Tract 146.07; Richmond County; New York,Staten Island,156,41,21,26.3,13.5
1400000US36085005901,Census Tract 59.01; Richmond County; New York,Staten Island,498,197,69,39.6,13.9
1400000US36085007001,Census Tract 70.01; Richmond County; New York,Staten Island,232,143,34,61.6,14.7
1400000US36085024800,Census Tract 248; Richmond County; New York,Staten Island,378,137,56,36.2,14.8
1400000US36085012500,Census Tract 125; Richmond County; New York,Staten Island,289,132,44,45.7,15.2
1400000US36085016901,Census Tract 169.01; Richmond County; New York,Staten Island,353,165,55,46.7,15.6
1400000US36085008100,Census Tract 81; Richmond County; New York,Staten Island,801,375,125,46.8,15.6
1400000US36085015603,Census Tract 156.03; Richmond County; New York,Staten Island,281,155,44,55.2,15.7
1400000US36085031901,Census Tract 319.01; Richmond County; New York,Staten Island,970,325,157,33.5,16.2
1400000US36085003900,Census Tract 39; Richmond County; New York,Staten Island,835,337,135,40.4,16.2
1400000US36085012805,Census Tract 128.05; Richmond County; New York,Staten Island,167,128,28,76.6,16.8
1400000US36085017600,Census Tract 176; Richmond County; New York,Staten Island,104,62,18,59.6,17.3
1400000US36085014606,Census Tract 146.06; Richmond County; New York,Staten Island,321,129,58,40.2,18.1
1400000US36085011401,Census Tract 114.01; Richmond County; New York,Staten Island,835,596,161,71.4,19.3
1400000US36085011402,Census Tract 114.02; Richmond County; New York,Staten Island,371,72,72,19.4,19.4
1400000US36085030301,Census Tract 303.01; Richmond County; New York,Staten Island,723,298,141,41.2,19.5
1400000US36085027705,Census Tract 277.05; Richmond County; New York,Staten Island,407,225,82,55.3,20.1
1400000US36085020804,Census Tract 208.04; Richmond County; New York,Staten Island,361,176,74,48.8,20.5
1400000US36085017014,Census Tract 170.14; Richmond County; New York,Staten Island,340,90,72,26.5,21.2
1400000US36085023100,Census Tract 231; Richmond County; New York,Staten Island,510,365,108,71.6,21.2
1400000US36085004003,Census Tract 40.03; Richmond County; New York,Staten Island,1307,501,284,38.3,21.7
1400000US36085027702,Census Tract 277.02; Richmond County; New York,Staten Island,857,332,188,38.7,21.9
1400000US36085024401,Census Tract 244.01; Richmond County; New York,Staten Island,210,47,47,22.4,22.4
1400000US36085009602,Census Tract 96.02; Richmond County; New York,Staten Island,687,333,155,48.5,22.6
1400000US36085000300,Census Tract 3; Richmond County; New York,Staten Island,650,361,149,55.5,22.9
1400000US36085029102,Census Tract 291.02; Richmond County; New York,Staten Island,199,115,46,57.8,23.1
1400000US36085013301,Census Tract 133.01; Richmond County; New York,Staten Island,484,175,113,36.2,23.3
1400000US36085014605,Census Tract 146.05; Richmond County; New York,Staten Island,230,92,54,40.0,23.5
1400000US36085003600,Census Tract 36; Richmond County; New York,Staten Island,289,108,69,37.4,23.9
1400000US36085014100,Census Tract 141; Richmond County; New York,Staten Island,511,262,123,51.3,24.1
1400000US36085002900,Census Tract 29; Richmond County; New York,Staten Island,1247,545,305,43.7,24.5
1400000US36085018701,Census Tract 187.01; Richmond County; New York,Staten Island,189,79,47,41.8,24.9
1400000US36085009701,Census Tract 97.01; Richmond County; New York,Staten Island,769,306,192,39.8,25.0
1400000US36085000800,Census Tract 8; Richmond County; New York,Staten Island,470,207,121,44.0,25.7
1400000US36085005000,Census Tract 50; Richmond County; New York,Staten Island,408,299,108,73.3,26.5
1400000US36085015100,Census Tract 151; Richmond County; New York,Staten Island,400,213,116,53.3,29.0
1400000US36085000600,Census Tract 6; Richmond County; New York,Staten Island,731,335,213,45.8,29.1
1400000US36085003300,Census Tract 33; Richmond County; New York,Staten Island,617,394,185,63.9,30.0
1400000US36085027704,Census Tract 277.04; Richmond County; New York,Staten Island,355,188,107,53.0,30.1
1400000US36085024700,Census Tract 247; Richmond County; New York,Staten Island,292,141,89,48.3,30.5
1400000US36085020806,Census Tract 208.06; Richmond County; New York,Staten Island,122,92,38,75.4,31.1
1400000US36085017701,Census Tract 177.01; Richmond County; New York,Staten Island,141,74,44,52.5,31.2
1400000US36085007002,Census Tract 70.02; Richmond County; New York,Staten Island,496,344,158,69.4,31.9
1400000US36085011201,Census Tract 112.01; Richmond County; New York,Staten Island,764,333,244,43.6,31.9
1400000US36085021300,Census Tract 213; Richmond County; New York,Staten Island,603,292,195,48.4,32.3
1400000US36085017300,Census Tract 173; Richmond County; New York,Staten Island,638,281,206,44.0,32.3
1400000US36085029106,Census Tract 291.06; Richmond County; New York,Staten Island,340,164,111,48.2,32.6
1400000US36085002002,Census Tract 20.02; Richmond County; New York,Staten Island,529,312,174,59.0,32.9
1400000US36085018902,Census Tract 189.02; Richmond County; New York,Staten Island,199,148,66,74.4,33.2
1400000US36085002001,Census Tract 20.01; Richmond County; New York,Staten Island,426,222,142,52.1,33.3
1400000US36085027302,Census Tract 273.02; Richmond County; New York,Staten Island,314,130,105,41.4,33.4
1400000US36085007400,Census Tract 74; Richmond County; New York,Staten Island,546,281,188,51.5,34.4
1400000US36085004001,Census Tract 40.01; Richmond County; New York,Staten Island,384,200,133,52.1,34.6
1400000US36085013201,Census Tract 132.01; Richmond County; New York,Staten Island,20,7,7,35.0,35.0
1400000US36085013302,Census Tract 133.02; Richmond County; New York,Staten Island,579,293,203,50.6,35.1
1400000US36085000700,Census Tract 7; Richmond County; New York,Staten Island,1568,872,551,55.6,35.1
1400000US36085013400,Census Tract 134; Richmond County; New York,Staten Island,498,234,176,47.0,35.3
1400000US36085022601,Census Tract 226.01; Richmond County; New York,Staten Island,740,393,275,53.1,37.2
1400000US36085027706,Census Tract 277.06; Richmond County; New York,Staten Island,324,182,122,56.2,37.7
1400000US36085017011,Census Tract 170.11; Richmond County; New York,Staten Island,233,89,89,38.2,38.2
1400000US36085020803,Census Tract 208.03; Richmond County; New York,Staten Island,587,305,225,52.0,38.3
1400000US36085029104,Census Tract 291.04; Richmond County; New York,Staten Island,714,304,275,42.6,38.5
1400000US36085002100,Census Tract 21; Richmond County; New York,Staten Island,1729,1023,667,59.2,38.6
1400000US36085018901,Census Tract 189.01; Richmond County; New York,Staten Island,374,161,145,43.0,38.8
1400000US36085012804,Census Tract 128.04; Richmond County; New York,Staten Island,414,236,161,57.0,38.9
1400000US36085000900,Census Tract 9; Richmond County; New York,Staten Island,585,289,228,49.4,39.0
1400000US36085010500,Census Tract 105; Richmond County; New York,Staten Island,857,441,334,51.5,39.0
1400000US36085017005,Census Tract 170.05; Richmond County; New York,Staten Island,456,232,179,50.9,39.3
1400000US36085007700,Census Tract 77; Richmond County; New York,Staten Island,297,195,120,65.7,40.4
1400000US36085011204,Census Tract 112.04; Richmond County; New York,Staten Island,27,11,11,40.7,40.7
1400000US36085013204,Census Tract 132.04; Richmond County; New York,Staten Island,662,355,270,53.6,40.8
1400000US36085030302,Census Tract 303.02; Richmond County; New York,Staten Island,376,192,154,51.1,41.0
1400000US36085012806,Census Tract 128.06; Richmond County; New York,Staten Island,1504,1026,617,68.2,41.0
1400000US36085014604,Census Tract 146.04; Richmond County; New York,Staten Island,537,338,223,62.9,41.5
1400000US36085017702,Census Tract 177.02; Richmond County; New York,Staten Island,197,131,82,66.5,41.6
1400000US36085001100,Census Tract 11; Richmond County; New York,Staten Island,694,431,289,62.1,41.6
1400000US36085004004,Census Tract 40.04; Richmond County; New York,Staten Island,495,238,207,48.1,41.8
1400000US36085006400,Census Tract 64; Richmond County; New York,Staten Island,574,338,241,58.9,42.0
1400000US36085020701,Census Tract 207.01; Richmond County; New York,Staten Island,634,518,271,81.7,42.7
1400000US36085018100,Census Tract 181; Richmond County; New York,Staten Island,545,298,233,54.7,42.8
1400000US36085014608,Census Tract 146.08; Richmond County; New York,Staten Island,105,51,47,48.6,44.8
1400000US36085020805,Census Tract 208.05; Richmond County; New York,Staten Island,313,159,141,50.8,45.0
1400000US36085017007,Census Tract 170.07; Richmond County; New York,Staten Island,202,146,93,72.3,46.0
1400000US36085017012,Census Tract 170.12; Richmond County; New York,Staten Island,308,201,148,65.3,48.1
1400000US36085019800,Census Tract 198; Richmond County; New York,Staten Island,825,653,397,79.2,48.1
1400000US36085011203,Census Tract 112.03; Richmond County; New York,Staten Island,601,422,292,70.2,48.6
1400000US36085020702,Census Tract 207.02; Richmond County; New York,Staten Island,459,274,245,59.7,53.4
1400000US36085032300,Census Tract 323; Richmond County; New York,Staten Island,123,102,68,82.9,55.3
1400000US36085002700,Census Tract 27; Richmond County; New York,Staten Island,305,231,169,75.7,55.4
1400000US36085022300,Census Tract 223; Richmond County; New York,Staten Island,188,129,107,68.6,56.9
1400000US36085031902,Census Tract 319.02; Richmond County; New York,Staten Island,699,464,400,66.4,57.2
1400000US36085020100,Census Tract 201; Richmond County; New York,Staten Island,414,283,250,68.4,60.4
1400000US36085027900,Census Tract 279; Richmond County; New York,Staten Island,116,104,73,89.7,62.9
1400000US36085001700,Census Tract 17; Richmond County; New York,Staten Island,245,191,154,78.0,62.9
1400000US36085017009,Census Tract 170.09; Richmond County; New York,Staten Island,334,255,228,76.3,68.3
1400000US36085023900,Census Tract 239; Richmond County; New York,Staten Island,287,222,206,77.4,71.8
1400000US36085004002,Census Tract 40.02; Richmond County; New York,Staten Island,139,100,100,71.9,71.9
1400000US36085012100,Census Tract 121; Richmond County; New York,Staten Island,23,23,23,100.0,100.0